name,parent,material_design,mass_estimate_g,uncertainty_fraction,method,volume_mm3,center_mm,watertight,measured,material_verified_by_procurement
D24V50F5_M2x5_0,MODULE_COMPACT_ELECTRONICS,Steel estimate; hardware grade not verified,0.2649927802419109,0.35,CAD volume x assumed solid density; not sliced or weighed,33.75704206903324,"[-20.431177317853937, 8.001002053225776, 116.26899905522737]",True,False,False
D24V50F5_M2x5_1,MODULE_COMPACT_ELECTRONICS,Steel estimate; hardware grade not verified,0.2649928051109351,0.35,CAD volume x assumed solid density; not sliced or weighed,33.757045237061796,"[-20.431177378157898, -8.000998886726304, 129.73099990135356]",True,False,False
D24V50F5_WASHER_0,MODULE_COMPACT_ELECTRONICS,Steel estimate; hardware grade not verified,0.03562701394022482,0.35,CAD volume x assumed solid density; not sliced or weighed,4.538473113404436,"[-19.94998310804384, 8.001001964386177, 116.2689992610056]",True,False,False
D24V50F5_WASHER_1,MODULE_COMPACT_ELECTRONICS,Steel estimate; hardware grade not verified,0.03562701898308081,0.35,CAD volume x assumed solid density; not sliced or weighed,4.538473755806473,"[-19.949983108044293, -8.000999152544889, 129.7309999001322]",True,False,False
JMP_20MM_HOOK_LOOP_STRAP_1,FRAME_trunk_base,Nylon hook-and-loop textile (purchased),3.173591427660505,0.2,CAD solid volume x assumed density; not sliced/weighed,4882.44835024693,"[-138.0, -1.8379469507422538e-14, 170.41956333963182]",True,False,False
JMP_20MM_HOOK_LOOP_STRAP_2,FRAME_trunk_base,Nylon hook-and-loop textile (purchased),3.173591428437805,0.2,CAD solid volume x assumed density; not sliced/weighed,4882.448351442777,"[-84.0, -1.8379469502920897e-14, 170.41956334344175]",True,False,False
JMP_3S4000_90x42x27_ENVELOPE,FRAME_trunk_base,LiPo battery module (mixed materials),230,0.2,"User product screenshot mass, unweighed",102060.0,"[-105.0, 0.0, 170.5]",True,False,False
JMP_4000_SHORT_WALL_CRADLE,FRAME_trunk_base,PA12,21.518612391409544,0.2,"CAD solid volume x assumed1.02g/cm3; not sliced, weighed or strength-qualified",21096.678815107396,"[-106.31570725385282, -1.5550228818378864e-09, 156.1142769205805]",True,False,False
JMP_CONTINUOUS_FLOOR_LINER,FRAME_trunk_base,TPU95A,5.2278419187938585,0.2,CAD solid volume x assumed density; not sliced/weighed,4320.530511399884,"[-104.99999998007439, 9.538522772920538e-17, 156.49999999999815]",True,False,False
"JMP_CRADLE_MOUNT_HEAD_(-48, -1)",FRAME_trunk_base,Steel,0.18607215595383986,0.2,CAD solid volume x assumed density; not sliced/weighed,23.703459357177053,"[-88.00000014834887, -32.99999902987951, 157.25000000000125]",True,False,False
"JMP_CRADLE_MOUNT_HEAD_(-48, 1)",FRAME_trunk_base,Steel,0.18607215595383986,0.2,CAD solid volume x assumed density; not sliced/weighed,23.703459357177053,"[-88.00000014834886, 32.99999902987952, 157.25000000000082]",True,False,False
"JMP_CRADLE_MOUNT_HEAD_(-74, -1)",FRAME_trunk_base,Steel,0.18607217089759723,0.2,CAD solid volume x assumed density; not sliced/weighed,23.703461260840413,"[-114.00000014398138, -32.99999902987821, 157.25000000000108]",True,False,False
"JMP_CRADLE_MOUNT_HEAD_(-74, 1)",FRAME_trunk_base,Steel,0.18607217089759723,0.2,CAD solid volume x assumed density; not sliced/weighed,23.703461260840413,"[-114.00000014398137, 32.999999029878225, 157.24999999999986]",True,False,False
"JMP_CRADLE_MOUNT_M25x12_(-48, -1)",FRAME_trunk_base,Steel,0.4594373544583519,0.2,CAD solid volume x assumed density; not sliced/weighed,58.52705152335693,"[-88.00000007199071, -32.99999984403185, 150.5000000000001]",True,False,False
"JMP_CRADLE_MOUNT_M25x12_(-48, 1)",FRAME_trunk_base,Steel,0.4594373544583519,0.2,CAD solid volume x assumed density; not sliced/weighed,58.52705152335693,"[-88.00000007199067, 32.99999984403184, 150.50000000000003]",True,False,False
"JMP_CRADLE_MOUNT_M25x12_(-74, -1)",FRAME_trunk_base,Steel,0.4594368546750207,0.2,CAD solid volume x assumed density; not sliced/weighed,58.52698785669054,"[-114.00000234224557, -32.99999984403481, 150.5]",True,False,False
"JMP_CRADLE_MOUNT_M25x12_(-74, 1)",FRAME_trunk_base,Steel,0.4594368546750207,0.2,CAD solid volume x assumed density; not sliced/weighed,58.52698785669054,"[-114.00000234224568, 32.99999984403481, 150.50000000000009]",True,False,False
"JMP_CRADLE_MOUNT_NUT_(-48, -1)",FRAME_trunk_base,Steel,0.26306753785484177,0.2,CAD solid volume x assumed density; not sliced/weighed,33.511788261763286,"[-87.99999994344307, -32.999999373456575, 146.99999999999986]",True,False,False
"JMP_CRADLE_MOUNT_NUT_(-48, 1)",FRAME_trunk_base,Steel,0.26306753785484177,0.2,CAD solid volume x assumed density; not sliced/weighed,33.511788261763286,"[-87.999999943443, 32.99999937345656, 147.00000000000043]",True,False,False
"JMP_CRADLE_MOUNT_NUT_(-74, -1)",FRAME_trunk_base,Steel,0.2630675024576063,0.2,CAD solid volume x assumed density; not sliced/weighed,33.511783752561314,"[-113.99999960832652, -32.99999937345556, 147.0]",True,False,False
"JMP_CRADLE_MOUNT_NUT_(-74, 1)",FRAME_trunk_base,Steel,0.2630675024576063,0.2,CAD solid volume x assumed density; not sliced/weighed,33.511783752561314,"[-113.99999960832652, 32.99999937345552, 146.99999999999986]",True,False,False
"JMP_CRADLE_MOUNT_SPACER_(-48, -1)",FRAME_trunk_base,PA12,0.015259986602905758,0.2,CAD solid volume x assumed density; not sliced/weighed,14.960771179319371,"[-88.00000053233758, -32.999999432660864, 152.50000762891713]",True,False,False
"JMP_CRADLE_MOUNT_SPACER_(-48, 1)",FRAME_trunk_base,PA12,0.01525998660290572,0.2,CAD solid volume x assumed density; not sliced/weighed,14.960771179319332,"[-88.00000053129756, 32.999999432677996, 152.500007628918]",True,False,False
"JMP_CRADLE_MOUNT_SPACER_(-74, -1)",FRAME_trunk_base,PA12,0.01526001242009041,0.2,CAD solid volume x assumed density; not sliced/weighed,14.960796490284716,"[-114.00000092714579, -32.999999432676056, 152.50000762967588]",True,False,False
"JMP_CRADLE_MOUNT_SPACER_(-74, 1)",FRAME_trunk_base,PA12,0.015260012420090393,0.2,CAD solid volume x assumed density; not sliced/weighed,14.960796490284698,"[-114.00000092610584, 32.99999943266599, 152.5000076296767]",True,False,False
"JMP_CRADLE_MOUNT_WASHER_(-48, -1)",FRAME_trunk_base,Steel,0.05247365969924143,0.2,CAD solid volume x assumed density; not sliced/weighed,6.684542636846042,"[-88.00000057204574, -33.00000066246694, 156.24999999973286]",True,False,False
"JMP_CRADLE_MOUNT_WASHER_(-48, 1)",FRAME_trunk_base,Steel,0.05247365969924143,0.2,CAD solid volume x assumed density; not sliced/weighed,6.684542636846042,"[-88.00000057088174, 33.00000066248602, 156.24999999973286]",True,False,False
"JMP_CRADLE_MOUNT_WASHER_(-74, -1)",FRAME_trunk_base,Steel,0.052473637603418374,0.2,CAD solid volume x assumed density; not sliced/weighed,6.684539822091513,"[-114.0000002107176, -33.000000662475124, 156.25000000015905]",True,False,False
"JMP_CRADLE_MOUNT_WASHER_(-74, 1)",FRAME_trunk_base,Steel,0.052473637603418374,0.2,CAD solid volume x assumed density; not sliced/weighed,6.684539822091513,"[-114.00000020955366, 33.00000066246382, 156.2500000001585]",True,False,False
JY61P_BODY_CAP_COMPONENTS_ENVELOPE,MODULE_COMPACT_ELECTRONICS,Shield/components mixed envelope estimate,0.40560025787353515,0.5,CAD volume x assumed density; electronic envelope split NOT actual BOM or weighing,202.80012893676758,"[-21.800001144409265, 0.0, 145.5]",True,False,False
JY61P_BODY_PCB_ENVELOPE,MODULE_COMPACT_ELECTRONICS,FR4/copper PCB envelope estimate,0.6874813895098355,0.5,CAD volume x assumed density; electronic envelope split NOT actual BOM or weighing,371.61156189720833,"[-23.20000076293944, 0.0, 145.50000000000009]",True,False,False
JY61P_CLIP_M2x6_0,MODULE_COMPACT_ELECTRONICS,Steel estimate; hardware grade not verified,0.28634714282637264,0.5,CAD volume x assumed density; electronic envelope split NOT actual BOM or weighing,36.47734303520671,"[-22.365384793119027, -3.24650260790791e-17, 135.49999999999994]",True,False,False
JY61P_CLIP_M2x6_1,MODULE_COMPACT_ELECTRONICS,Steel estimate; hardware grade not verified,0.28634714282637264,0.5,CAD volume x assumed density; electronic envelope split NOT actual BOM or weighing,36.47734303520671,"[-22.365384793119027, -3.24650260790791e-17, 155.49999999999972]",True,False,False
JY61P_EDGE_CLIP_0,MODULE_COMPACT_ELECTRONICS,PA12,0.024885124222867705,0.5,CAD volume x assumed density; electronic envelope split NOT actual BOM or weighing,24.397180610654612,"[-21.8000011444091, 0.0, 136.15254389658813]",True,False,False
JY61P_EDGE_CLIP_1,MODULE_COMPACT_ELECTRONICS,PA12,0.024885124222867705,0.5,CAD volume x assumed density; electronic envelope split NOT actual BOM or weighing,24.397180610654612,"[-21.8000011444092, 4.8539948604402506e-17, 154.84745610341204]",True,False,False
MID_CARRIER_M25x10_0,MODULE_COMPACT_ELECTRONICS,Steel,0.5709748255224062,0.25,CAD solid volume x assumed density; not sliced/weighed,72.73564656336384,"[-38.0, -27.00000000000001, 150.38055268465212]",True,False,False
MID_CARRIER_M25x10_1,MODULE_COMPACT_ELECTRONICS,Steel,0.5709748255224062,0.25,CAD solid volume x assumed density; not sliced/weighed,72.73564656336384,"[-38.0, 26.99999999999999, 150.38055268465212]",True,False,False
MID_CARRIER_M25x10_2,MODULE_COMPACT_ELECTRONICS,Steel,0.5709748255224062,0.25,CAD solid volume x assumed density; not sliced/weighed,72.73564656336384,"[-24.0, -27.00000000000001, 150.38055268465212]",True,False,False
MID_CARRIER_M25x10_3,MODULE_COMPACT_ELECTRONICS,Steel,0.5709748255224062,0.25,CAD solid volume x assumed density; not sliced/weighed,72.73564656336384,"[-24.0, 26.99999999999999, 150.38055268465212]",True,False,False
MID_CARRIER_NUT_0,FRAME_trunk_base,Steel,0.2575623645049025,0.25,CAD solid volume x assumed density; not sliced/weighed,32.810492293618154,"[-38.0, -27.000000000000004, 146.0000000000003]",True,False,False
MID_CARRIER_NUT_1,FRAME_trunk_base,Steel,0.2575623645049025,0.25,CAD solid volume x assumed density; not sliced/weighed,32.810492293618154,"[-38.0, 27.0, 146.0000000000003]",True,False,False
MID_CARRIER_NUT_2,FRAME_trunk_base,Steel,0.2575623645049025,0.25,CAD solid volume x assumed density; not sliced/weighed,32.810492293618154,"[-24.0, -27.000000000000004, 146.0000000000003]",True,False,False
MID_CARRIER_NUT_3,FRAME_trunk_base,Steel,0.2575623645049025,0.25,CAD solid volume x assumed density; not sliced/weighed,32.810492293618154,"[-24.0, 27.0, 146.0000000000003]",True,False,False
MID_CARRIER_WASHER_0,MODULE_COMPACT_ELECTRONICS,Steel,0.0527480125454691,0.25,CAD solid volume x assumed density; not sliced/weighed,6.719492044008803,"[-38.0, -26.999999999999996, 153.25000000000009]",True,False,False
MID_CARRIER_WASHER_1,MODULE_COMPACT_ELECTRONICS,Steel,0.0527480125454691,0.25,CAD solid volume x assumed density; not sliced/weighed,6.719492044008803,"[-38.0, 26.999999999999996, 153.25000000000009]",True,False,False
MID_CARRIER_WASHER_2,MODULE_COMPACT_ELECTRONICS,Steel,0.0527480125454691,0.25,CAD solid volume x assumed density; not sliced/weighed,6.719492044008803,"[-24.0, -26.999999999999996, 153.25000000000009]",True,False,False
MID_CARRIER_WASHER_3,MODULE_COMPACT_ELECTRONICS,Steel,0.0527480125454691,0.25,CAD solid volume x assumed density; not sliced/weighed,6.719492044008803,"[-24.0, 26.999999999999996, 153.25000000000009]",True,False,False
MID_ELECTRONICS_FRONT_BOTTOM_GUARD,MODULE_COMPACT_ELECTRONICS,PA12,3.0115150698562507,0.25,"CAD solid volume x assumed1.02g/cm3; not sliced, weighed or strength-qualified",2952.46575476103,"[-31.90166069937901, 1.80885208743118e-07, 125.36046417749303]",True,False,False
MID_FRONT_GUARD_M2x6_-20_115,MODULE_COMPACT_ELECTRONICS,Steel,0.2629534295851359,0.25,CAD solid volume x assumed density; not sliced/weighed,33.49725217645043,"[-41.10193225625091, 20.0, 139.99999999999997]",True,False,False
MID_FRONT_GUARD_M2x6_-20_75,MODULE_COMPACT_ELECTRONICS,Steel,0.2629534295851359,0.25,CAD solid volume x assumed density; not sliced/weighed,33.49725217645043,"[-41.10193225625091, 20.0, 124.99999999999997]",True,False,False
MID_FRONT_GUARD_M2x6_20_115,MODULE_COMPACT_ELECTRONICS,Steel,0.2629534295851359,0.25,CAD solid volume x assumed density; not sliced/weighed,33.49725217645043,"[-41.10193225625091, -20.0, 139.99999999999997]",True,False,False
MID_FRONT_GUARD_M2x6_20_75,MODULE_COMPACT_ELECTRONICS,Steel,0.2629534295851359,0.25,CAD solid volume x assumed density; not sliced/weighed,33.49725217645043,"[-41.10193225625091, -20.0, 124.99999999999997]",True,False,False
MID_FRONT_GUARD_WASHER_-20_115,MODULE_COMPACT_ELECTRONICS,Steel,0.045954659061193524,0.25,CAD solid volume x assumed density; not sliced/weighed,5.854096695693443,"[-42.25, 20.000000000000004, 139.99999999999983]",True,False,False
MID_FRONT_GUARD_WASHER_-20_75,MODULE_COMPACT_ELECTRONICS,Steel,0.045954659061193524,0.25,CAD solid volume x assumed density; not sliced/weighed,5.854096695693443,"[-42.25, 20.000000000000004, 125.0]",True,False,False
MID_FRONT_GUARD_WASHER_20_115,MODULE_COMPACT_ELECTRONICS,Steel,0.045954659061193524,0.25,CAD solid volume x assumed density; not sliced/weighed,5.854096695693443,"[-42.25, -20.0, 139.99999999999983]",True,False,False
MID_FRONT_GUARD_WASHER_20_75,MODULE_COMPACT_ELECTRONICS,Steel,0.045954659061193524,0.25,CAD solid volume x assumed density; not sliced/weighed,5.854096695693443,"[-42.25, -20.0, 125.0]",True,False,False
MID_VERTICAL_F411_MODULE_CARRIER,MODULE_COMPACT_ELECTRONICS,PA12,8.427027927853928,0.25,"CAD solid volume x assumed1.02g/cm3; not sliced, weighed or strength-qualified",8261.792086131301,"[-29.73875749435351, -2.593342077800056e-08, 138.9310641681229]",True,False,False
MOUTH_10x15x3_ALIGNED_BEARING,BODY_jaw_soft,Steel estimate; hardware grade not verified,1.4873866107163038,0.35,CAD volume x assumed solid density; not sliced or weighed,189.47600136513427,"[8.99885102973061, -38.5000731341821, 232.78073848515584]",True,False,False
MOUTH_BEARING_HEAD,DCTL_Jaw_Hinge,Steel estimate; hardware grade not verified,0.12384009075136942,0.35,CAD volume x assumed solid density; not sliced or weighed,15.775807739027954,"[8.998993775839661, -35.30000150429043, 232.7812313900372]",True,False,False
MOUTH_BEARING_INNER_SPACER,DCTL_Jaw_Hinge,Steel estimate; hardware grade not verified,0.055994432787559036,0.35,CAD volume x assumed solid density; not sliced or weighed,7.133048762746374,"[8.99899380870264, -40.19999875532055, 232.78123138567636]",True,False,False
MOUTH_BEARING_INNER_WASHER,DCTL_Jaw_Hinge,Steel estimate; hardware grade not verified,0.7250095068692393,0.35,CAD volume x assumed solid density; not sliced or weighed,92.35789896423431,"[8.998993372892414, -36.49999935654451, 232.78123108055766]",True,False,False
MOUTH_BEARING_M2x10,DCTL_Jaw_Hinge,Steel estimate; hardware grade not verified,0.24503301404114186,0.35,CAD volume x assumed solid density; not sliced or weighed,31.21439669313909,"[8.998993825121836, -41.000001132488244, 232.78123140335117]",True,False,False
MOUTH_BEARING_NUT,DCTL_Jaw_Hinge,Steel estimate; hardware grade not verified,0.13469064295913424,0.35,CAD volume x assumed solid density; not sliced or weighed,17.15804368906169,"[8.998993784083645, -43.20000114071289, 232.78123144682993]",True,False,False
NECK_S288_DIRECT_PLATE_BACK,,PA12,0.46114239355806175,0.25,Nominal CAD volume x assumed density; not sliced or weighed,452.100385841237,"[17.44949652774925, -14.045837040426475, 173.09581847893682]",True,,False
NECK_S288_DIRECT_PLATE_FRONT,,PA12,0.4611406035621867,0.25,Nominal CAD volume x assumed density; not sliced or weighed,452.0986309433203,"[17.449496424131084, 11.045845944027503, 173.09581849786244]",True,,False
POLOLU_D24V50F5_COMPONENTS_ENVELOPE,MODULE_COMPACT_ELECTRONICS,Components included in parent module mass,0,0,Do not double count module components,2357.641316316721,"[-16.59998600482949, 2.736597817687425e-06, 122.99999950164579]",True,False,False
POLOLU_D24V50F5_PCB,MODULE_COMPACT_ELECTRONICS,FR4/copper/electronic mixed assembly,4,0.35,"Provisional complete module mass, weigh required",566.1903120171119,"[-20.999993431565727, 3.0099092640512026e-06, 122.99999919590954]",True,False,False
Rex_Arm_L,DCTL_Arm_L,PA12,2.8103537329248685,0.25,Nominal CAD solid volume x assumed density; not sliced or weighed,2755.2490603137867,"[23.58112090785942, 56.18178176870301, 141.20366155948972]",True,False,False
Rex_Arm_R,DCTL_Arm_R,PA12,2.8102729986958117,0.25,Nominal CAD solid volume x assumed density; not sliced or weighed,2755.1699138654676,"[23.580958884750515, -56.1817074829709, 141.20375921225664]",True,False,False
Rex_Camera_Pi_Carrier,BODY_jaw_soft,PA12,7.700532721755356,0.25,Nominal CAD volume x assumed material density; not sliced or weighed,7549.5418840738785,"[58.370212267552006, 0.466588427799262, 245.97347872962516]",True,False,False
Rex_Chassis_Spine,FRAME_trunk_base,PA12,32.27745892171067,0.25,"CAD solid volume x assumed1.02g/cm3; not sliced, weighed or strength-qualified",31644.567570304574,"[-60.140860145342394, -9.140960976543442e-08, 143.07760815147904]",True,False,False
Rex_Jaw_Shell,DCTL_Jaw_Hinge,PA12,9.665056200174492,0.25,Nominal CAD solid volume x assumed density; not sliced or weighed,9475.54531268179,"[39.73677922703587, -0.4707531535096497, 219.14183053541439]",True,False,False
Rex_Rigid_Balance_Tail,DCTL_Tail_Pitch,PETG solid,49.99999083261796,0.25,CAD solid volume x assumed density; not sliced or weighed,39062.492837982776,"[-265.9061327844242, -2.4835273209901513e-16, 177.00000119398106]",True,False,False
Rex_Skull_Shell,BODY_jaw_soft,PETG,36.090429649611934,0.25,Nominal CAD volume x assumed density; not sliced or weighed,28195.648163759324,"[17.123405946461922, -0.02770161954132437, 251.5588275632242]",True,False,False
Rex_Yaw_Pitch_Cradle,DCTL_Tail_Yaw,PA12,5.821630105420678,0.25,Nominal CAD solid volume x assumed density; not sliced or weighed,5707.479828066685,"[-196.74346505326852, 0.39589752954511875, 158.56873560168302]",True,False,False
S288_GUARD_left_M2x8_0,BODY_upper_leg_left,Steel estimate; hardware grade not verified,0.33876744753962146,0.35,CAD volume x assumed solid density; not sliced or weighed,43.155088858550506,"[-77.26415268730497, 74.30361931400458, 105.13114893546357]",True,False,False
S288_GUARD_left_M2x8_1,BODY_upper_leg_left,Steel estimate; hardware grade not verified,0.33876705338188245,0.35,CAD volume x assumed solid density; not sliced or weighed,43.155038647373566,"[-86.2338781524708, 73.91831605112884, 100.72710395767717]",True,False,False
S288_GUARD_left_M2x8_2,BODY_upper_leg_left,Steel estimate; hardware grade not verified,0.33876719382060594,0.35,CAD volume x assumed solid density; not sliced or weighed,43.15505653765681,"[-104.55435027604534, 70.75075718938164, 64.52176137670988]",True,False,False
S288_GUARD_left_NUT_0,BODY_upper_leg_left,Steel estimate; hardware grade not verified,0.13074815159871944,0.35,CAD volume x assumed solid density; not sliced or weighed,16.65581549028273,"[-77.26415369558877, 70.10710583351617, 105.49829443371048]",True,False,False
S288_GUARD_left_NUT_1,BODY_upper_leg_left,Steel estimate; hardware grade not verified,0.13074808575922742,0.35,CAD volume x assumed solid density; not sliced or weighed,16.655807103086296,"[-86.23387948552907, 69.72180213830043, 101.09425323431714]",True,False,False
S288_GUARD_left_NUT_2,BODY_upper_leg_left,Steel estimate; hardware grade not verified,0.13074780820679946,0.35,CAD volume x assumed solid density; not sliced or weighed,16.6557717460891,"[-104.55435051158867, 66.55424367032569, 64.88891125874304]",True,False,False
S288_GUARD_left_WASHER_0,BODY_upper_leg_left,Steel estimate; hardware grade not verified,0.045954670636099086,0.35,CAD volume x assumed solid density; not sliced or weighed,5.854098170203706,"[-77.26415292804671, 76.03446408418318, 104.97971924299534]",True,False,False
S288_GUARD_left_WASHER_1,BODY_upper_leg_left,Steel estimate; hardware grade not verified,0.04595473979091579,0.35,CAD volume x assumed solid density; not sliced or weighed,5.854106979734497,"[-86.23387797658704, 75.64915972050395, 100.57567212361361]",True,False,False
S288_GUARD_left_WASHER_2,BODY_upper_leg_left,Steel estimate; hardware grade not verified,0.04595469859321355,0.35,CAD volume x assumed solid density; not sliced or weighed,5.8541017316195605,"[-104.5543508167412, 72.48160199469196, 64.37033264616333]",True,False,False
S288_GUARD_right_M2x8_0,BODY_upper_leg_right,Steel estimate; hardware grade not verified,0.33876753165165996,0.35,CAD volume x assumed solid density; not sliced or weighed,43.15509957345987,"[-77.26417169916863, -74.30361193176994, 105.13116689217082]",True,False,False
S288_GUARD_right_M2x8_1,BODY_upper_leg_right,Steel estimate; hardware grade not verified,0.3387673974234963,0.35,CAD volume x assumed solid density; not sliced or weighed,43.15508247433075,"[-86.23389759549326, -73.91830578209925, 100.72712153581189]",True,False,False
S288_GUARD_right_M2x8_2,BODY_upper_leg_right,Steel estimate; hardware grade not verified,0.3387673656134792,0.35,CAD volume x assumed solid density; not sliced or weighed,43.15507842209926,"[-104.55436859764458, -70.75074902233574, 64.52177925944643]",True,False,False
S288_GUARD_right_NUT_0,BODY_upper_leg_right,Steel estimate; hardware grade not verified,0.13074787488281792,0.35,CAD volume x assumed solid density; not sliced or weighed,16.655780239849417,"[-77.26417196909244, -70.10710032651868, 105.49831369828412]",True,False,False
S288_GUARD_right_NUT_1,BODY_upper_leg_right,Steel estimate; hardware grade not verified,0.13074760085609605,0.35,CAD volume x assumed solid density; not sliced or weighed,16.65574533198676,"[-86.23389737903103, -69.72179436695636, 101.09426833059992]",True,False,False
S288_GUARD_right_NUT_2,BODY_upper_leg_right,Steel estimate; hardware grade not verified,0.1307484235598876,0.35,CAD volume x assumed solid density; not sliced or weighed,16.65585013501753,"[-104.55436984793796, -66.55423300852019, 64.88892771284925]",True,False,False
S288_GUARD_right_WASHER_0,BODY_upper_leg_right,Steel estimate; hardware grade not verified,0.0459547255597474,0.35,CAD volume x assumed solid density; not sliced or weighed,5.854105166846803,"[-77.26417149059485, -76.03445731348427, 104.97973753311689]",True,False,False
S288_GUARD_right_WASHER_1,BODY_upper_leg_right,Steel estimate; hardware grade not verified,0.04595465258726806,0.35,CAD volume x assumed solid density; not sliced or weighed,5.854095870989561,"[-86.23389625576954, -75.64915110268001, 100.57569015517247]",True,False,False
S288_GUARD_right_WASHER_2,BODY_upper_leg_right,Steel estimate; hardware grade not verified,0.045954593360333515,0.35,CAD volume x assumed solid density; not sliced or weighed,5.854088326157136,"[-104.55436930464614, -72.48159249555775, 64.37035224600032]",True,False,False
S288_arm_L_CASE,FRAME_trunk_base,"OEM S288 mixed assembly; case plus motor, gears, circuit and both disks",19.5,0.05,Official whole-actuator mass,14385.43106826846,"[3.9160759013430777, 39.33133229197821, 149.60350096225739]",True,False,False
S288_arm_L_DIRECT_CASE_-1_0_M2x5,,Steel estimate; exact self-tapping screw grade and supplier not verified,0.2211354623746612,0.25,Simplified fastener envelope x steel density 7.85,28.170122595498242,"[-10.50000000000017, 25.603652797034467, 157.60350096225736]",True,,False
S288_arm_L_DIRECT_CASE_-1_0_M2x5_WASHER,,Steel estimate; exact self-tapping screw grade and supplier not verified,0.03567096277339151,0.25,Simplified fastener envelope x steel density 7.85,4.5440716908778995,"[-10.5, 24.75, 157.60350096225736]",True,,False
S288_arm_L_DIRECT_CASE_-1_1_M2x5,,Steel estimate; exact self-tapping screw grade and supplier not verified,0.2211354623746612,0.25,Simplified fastener envelope x steel density 7.85,28.170122595498242,"[19.500000000000227, 28.603652797034467, 157.60350096225736]",True,,False
S288_arm_L_DIRECT_CASE_-1_1_M2x5_WASHER,,Steel estimate; exact self-tapping screw grade and supplier not verified,0.03567096277339151,0.25,Simplified fastener envelope x steel density 7.85,4.5440716908778995,"[19.5, 27.75, 157.60350096225736]",True,,False
S288_arm_L_DIRECT_CASE_-1_2_M2x5,,Steel estimate; exact self-tapping screw grade and supplier not verified,0.22113546237466133,0.25,Simplified fastener envelope x steel density 7.85,28.17012259549826,"[-10.500000000000256, 25.603652797034453, 141.60350096225733]",True,,False
S288_arm_L_DIRECT_CASE_-1_2_M2x5_WASHER,,Steel estimate; exact self-tapping screw grade and supplier not verified,0.03567096277339151,0.25,Simplified fastener envelope x steel density 7.85,4.5440716908778995,"[-10.5, 24.75, 141.60350096225733]",True,,False
S288_arm_L_DIRECT_CASE_-1_3_M2x5,,Steel estimate; exact self-tapping screw grade and supplier not verified,0.22113546237466133,0.25,Simplified fastener envelope x steel density 7.85,28.17012259549826,"[19.500000000000114, 28.603652797034457, 141.60350096225733]",True,,False
S288_arm_L_DIRECT_CASE_-1_3_M2x5_WASHER,,Steel estimate; exact self-tapping screw grade and supplier not verified,0.03567096277339151,0.25,Simplified fastener envelope x steel density 7.85,4.5440716908778995,"[19.5, 27.75, 141.60350096225733]",True,,False
S288_arm_L_DISC_-1,DCTL_Arm_L,"OEM S288 output disk, included in actuator mass",0,0,Included in corresponding case whole-unit mass,420.28183823882136,"[12.0, 28.5, 149.60350096225733]",True,False,False
S288_arm_L_DISC_1,DCTL_Arm_L,"OEM S288 output disk, included in actuator mass",0,0,Included in corresponding case whole-unit mass,420.28183823882136,"[12.0, 51.5, 149.60350096225733]",True,False,False
S288_arm_L_OUT_1_M2x5_0,DCTL_Arm_L,Steel estimate; exact self-tapping screw grade and supplier not verified,0.2211355210099814,0.35,Simplified fastener envelope x steel density 7.85,28.170130064965786,"[16.5466333792862, 54.89634711291722, 152.22850096225716]",True,False,False
S288_arm_L_OUT_1_M2x5_1,DCTL_Arm_L,Steel estimate; exact self-tapping screw grade and supplier not verified,0.2211354623746615,0.35,Simplified fastener envelope x steel density 7.85,28.17012259549828,"[11.999999999999865, 54.89634720296547, 154.85350096225736]",True,False,False
S288_arm_L_OUT_1_M2x5_2,DCTL_Arm_L,Steel estimate; exact self-tapping screw grade and supplier not verified,0.2211355210099811,0.35,Simplified fastener envelope x steel density 7.85,28.170130064965747,"[7.453366620713695, 54.89634711291732, 152.22850096225713]",True,False,False
S288_arm_L_OUT_1_M2x5_3,DCTL_Arm_L,Steel estimate; exact self-tapping screw grade and supplier not verified,0.2211355210099811,0.35,Simplified fastener envelope x steel density 7.85,28.170130064965747,"[7.453366620713695, 54.89634711291732, 146.9785009622575]",True,False,False
S288_arm_L_OUT_1_M2x5_4,DCTL_Arm_L,Steel estimate; exact self-tapping screw grade and supplier not verified,0.2211354623746615,0.35,Simplified fastener envelope x steel density 7.85,28.17012259549828,"[11.999999999999865, 54.89634720296547, 144.3535009622574]",True,False,False
S288_arm_L_OUT_1_M2x5_5,DCTL_Arm_L,Steel estimate; exact self-tapping screw grade and supplier not verified,0.2211355210099814,0.35,Simplified fastener envelope x steel density 7.85,28.170130064965786,"[16.5466333792862, 54.89634711291722, 146.9785009622573]",True,False,False
S288_arm_L_OUT_1_WASHER_0,DCTL_Arm_L,Steel estimate; exact self-tapping screw grade and supplier not verified,0.035670949246660165,0.35,Simplified fastener envelope x steel density 7.85,4.54406996772741,"[16.546633314535036, 55.75, 152.2285009622571]",True,False,False
S288_arm_L_OUT_1_WASHER_1,DCTL_Arm_L,Steel estimate; exact self-tapping screw grade and supplier not verified,0.03567096277339151,0.35,Simplified fastener envelope x steel density 7.85,4.5440716908778995,"[12.000000000000071, 55.75, 154.85350096225739]",True,False,False
S288_arm_L_OUT_1_WASHER_2,DCTL_Arm_L,Steel estimate; exact self-tapping screw grade and supplier not verified,0.035670949246660165,0.35,Simplified fastener envelope x steel density 7.85,4.54406996772741,"[7.453366685464999, 55.75, 152.22850096225739]",True,False,False
S288_arm_L_OUT_1_WASHER_3,DCTL_Arm_L,Steel estimate; exact self-tapping screw grade and supplier not verified,0.035670949246660165,0.35,Simplified fastener envelope x steel density 7.85,4.54406996772741,"[7.453366685464999, 55.75, 146.97850096225727]",True,False,False
S288_arm_L_OUT_1_WASHER_4,DCTL_Arm_L,Steel estimate; exact self-tapping screw grade and supplier not verified,0.03567096277339151,0.35,Simplified fastener envelope x steel density 7.85,4.5440716908778995,"[12.000000000000071, 55.75, 144.35350096225727]",True,False,False
S288_arm_L_OUT_1_WASHER_5,DCTL_Arm_L,Steel estimate; exact self-tapping screw grade and supplier not verified,0.035670949246660165,0.35,Simplified fastener envelope x steel density 7.85,4.54406996772741,"[16.546633314535036, 55.75, 146.97850096225739]",True,False,False
S288_arm_R_CASE,FRAME_trunk_base,"OEM S288 mixed assembly; case plus motor, gears, circuit and both disks",19.5,0.05,Official whole-actuator mass,14385.43106826846,"[3.9160759013430777, -39.33133229197821, 149.60350096225739]",True,False,False
S288_arm_R_DIRECT_CASE_-1_0_M2x5,,Steel estimate; exact self-tapping screw grade and supplier not verified,0.22113546237466106,0.25,Simplified fastener envelope x steel density 7.85,28.170122595498224,"[-10.500000000000085, -25.603652797034485, 141.60350096225727]",True,,False
S288_arm_R_DIRECT_CASE_-1_0_M2x5_WASHER,,Steel estimate; exact self-tapping screw grade and supplier not verified,0.03567096277339151,0.25,Simplified fastener envelope x steel density 7.85,4.5440716908778995,"[-10.5, -24.75, 141.60350096225744]",True,,False
S288_arm_R_DIRECT_CASE_-1_1_M2x5,,Steel estimate; exact self-tapping screw grade and supplier not verified,0.22113546237466106,0.25,Simplified fastener envelope x steel density 7.85,28.170122595498224,"[19.50000000000034, -28.603652797034485, 141.60350096225727]",True,,False
S288_arm_R_DIRECT_CASE_-1_1_M2x5_WASHER,,Steel estimate; exact self-tapping screw grade and supplier not verified,0.03567096277339151,0.25,Simplified fastener envelope x steel density 7.85,4.5440716908778995,"[19.5, -27.75, 141.60350096225744]",True,,False
S288_arm_R_DIRECT_CASE_-1_2_M2x5,,Steel estimate; exact self-tapping screw grade and supplier not verified,0.22113546237466133,0.25,Simplified fastener envelope x steel density 7.85,28.17012259549826,"[-10.500000000000256, -25.603652797034453, 157.60350096225739]",True,,False
S288_arm_R_DIRECT_CASE_-1_2_M2x5_WASHER,,Steel estimate; exact self-tapping screw grade and supplier not verified,0.03567096277339151,0.25,Simplified fastener envelope x steel density 7.85,4.5440716908778995,"[-10.5, -24.75, 157.6035009622574]",True,,False
S288_arm_R_DIRECT_CASE_-1_3_M2x5,,Steel estimate; exact self-tapping screw grade and supplier not verified,0.22113546237466133,0.25,Simplified fastener envelope x steel density 7.85,28.17012259549826,"[19.500000000000114, -28.603652797034457, 157.60350096225739]",True,,False
S288_arm_R_DIRECT_CASE_-1_3_M2x5_WASHER,,Steel estimate; exact self-tapping screw grade and supplier not verified,0.03567096277339151,0.25,Simplified fastener envelope x steel density 7.85,4.5440716908778995,"[19.5, -27.75, 157.6035009622574]",True,,False
S288_arm_R_DISC_-1,DCTL_Arm_R,"OEM S288 output disk, included in actuator mass",0,0,Included in corresponding case whole-unit mass,420.28183823882136,"[12.000000000000007, -28.5, 149.60350096225733]",True,False,False
S288_arm_R_DISC_1,DCTL_Arm_R,"OEM S288 output disk, included in actuator mass",0,0,Included in corresponding case whole-unit mass,420.28183823882136,"[12.000000000000007, -51.5, 149.60350096225733]",True,False,False
S288_arm_R_OUT_1_M2x5_0,DCTL_Arm_R,Steel estimate; exact self-tapping screw grade and supplier not verified,0.2211355210099808,0.35,Simplified fastener envelope x steel density 7.85,28.170130064965708,"[7.453366620713787, -54.896347112917375, 152.2285009622576]",True,False,False
S288_arm_R_OUT_1_M2x5_1,DCTL_Arm_R,Steel estimate; exact self-tapping screw grade and supplier not verified,0.22113546237466178,0.35,Simplified fastener envelope x steel density 7.85,28.170122595498317,"[11.999999999999929, -54.8963472029654, 154.85350096225716]",True,False,False
S288_arm_R_OUT_1_M2x5_2,DCTL_Arm_R,Steel estimate; exact self-tapping screw grade and supplier not verified,0.22113552100998124,0.35,Simplified fastener envelope x steel density 7.85,28.170130064965765,"[16.546633379286426, -54.89634711291729, 152.22850096225702]",True,False,False
S288_arm_R_OUT_1_M2x5_3,DCTL_Arm_R,Steel estimate; exact self-tapping screw grade and supplier not verified,0.22113552100998124,0.35,Simplified fastener envelope x steel density 7.85,28.170130064965765,"[16.546633379286426, -54.89634711291729, 146.9785009622574]",True,False,False
S288_arm_R_OUT_1_M2x5_4,DCTL_Arm_R,Steel estimate; exact self-tapping screw grade and supplier not verified,0.22113546237466178,0.35,Simplified fastener envelope x steel density 7.85,28.170122595498317,"[11.999999999999929, -54.8963472029654, 144.35350096225721]",True,False,False
S288_arm_R_OUT_1_M2x5_5,DCTL_Arm_R,Steel estimate; exact self-tapping screw grade and supplier not verified,0.2211355210099808,0.35,Simplified fastener envelope x steel density 7.85,28.170130064965708,"[7.453366620713787, -54.896347112917375, 146.97850096225773]",True,False,False
S288_arm_R_OUT_1_WASHER_0,DCTL_Arm_R,Steel estimate; exact self-tapping screw grade and supplier not verified,0.035670949246660165,0.35,Simplified fastener envelope x steel density 7.85,4.54406996772741,"[7.45336668546507, -55.75, 152.2285009622571]",True,False,False
S288_arm_R_OUT_1_WASHER_1,DCTL_Arm_R,Steel estimate; exact self-tapping screw grade and supplier not verified,0.03567096277339151,0.35,Simplified fastener envelope x steel density 7.85,4.5440716908778995,"[11.999999999999929, -55.75, 154.85350096225739]",True,False,False
S288_arm_R_OUT_1_WASHER_2,DCTL_Arm_R,Steel estimate; exact self-tapping screw grade and supplier not verified,0.035670949246660165,0.35,Simplified fastener envelope x steel density 7.85,4.54406996772741,"[16.546633314534965, -55.75, 152.22850096225739]",True,False,False
S288_arm_R_OUT_1_WASHER_3,DCTL_Arm_R,Steel estimate; exact self-tapping screw grade and supplier not verified,0.035670949246660165,0.35,Simplified fastener envelope x steel density 7.85,4.54406996772741,"[16.546633314535036, -55.75, 146.97850096225727]",True,False,False
S288_arm_R_OUT_1_WASHER_4,DCTL_Arm_R,Steel estimate; exact self-tapping screw grade and supplier not verified,0.03567096277339151,0.35,Simplified fastener envelope x steel density 7.85,4.5440716908778995,"[11.999999999999929, -55.75, 144.35350096225727]",True,False,False
S288_arm_R_OUT_1_WASHER_5,DCTL_Arm_R,Steel estimate; exact self-tapping screw grade and supplier not verified,0.035670949246660165,0.35,Simplified fastener envelope x steel density 7.85,4.54406996772741,"[7.453366685465035, -55.75, 146.97850096225739]",True,False,False
S288_head_pitch_CASE,BODY_neck,"OEM S288 mixed assembly; case plus motor, gears, circuit and both disks",19.5,0.05,Official whole-actuator mass,14385.429332547887,"[11.66386062362414, -0.6686624482953237, 188.99172961550357]",True,False,False
S288_head_pitch_DIRECT_CASE_-1_0_M2x5,,Steel estimate; exact self-tapping screw grade and supplier not verified,0.22113546036721363,0.25,Simplified fastener envelope x steel density 7.85,28.170122339772437,"[9.076908296002015, -14.39634050103648, 172.70888805524035]",True,,False
S288_head_pitch_DIRECT_CASE_-1_0_M2x5_WASHER,,Steel estimate; exact self-tapping screw grade and supplier not verified,0.035671003061213895,0.25,Simplified fastener envelope x steel density 7.85,4.5440768230845725,"[9.076908895315599, -15.249993649864285, 172.7088874218417]",True,,False
S288_head_pitch_DIRECT_CASE_-1_1_M2x5,,Steel estimate; exact self-tapping screw grade and supplier not verified,0.22113553668062452,0.25,Simplified fastener envelope x steel density 7.85,28.170132061226052,"[24.111991222938666, -14.396338657792695, 178.18120781359607]",True,,False
S288_head_pitch_DIRECT_CASE_-1_1_M2x5_WASHER,,Steel estimate; exact self-tapping screw grade and supplier not verified,0.03567101234388291,0.25,Simplified fastener envelope x steel density 7.85,4.54407800559018,"[24.111991863731756, -15.249991960415963, 178.18120758386806]",True,,False
S288_head_pitch_DIRECT_CASE_1_0_M2x5,,Steel estimate; exact self-tapping screw grade and supplier not verified,0.22113530681467328,0.25,Simplified fastener envelope x steel density 7.85,28.17010277893927,"[9.076903935326822, 11.396353507350968, 172.70889099775036]",True,,False
S288_head_pitch_DIRECT_CASE_1_0_M2x5_WASHER,,Steel estimate; exact self-tapping screw grade and supplier not verified,0.035670940879705654,0.25,Simplified fastener envelope x steel density 7.85,4.544068901873332,"[9.076904419675222, 12.250006356888465, 172.70888993062042]",True,,False
S288_head_pitch_DIRECT_CASE_1_1_M2x5,,Steel estimate; exact self-tapping screw grade and supplier not verified,0.2211353165132732,0.25,Simplified fastener envelope x steel density 7.85,28.17010401442971,"[24.111986681152395, 11.396355019331118, 178.18121143185033]",True,,False
S288_head_pitch_DIRECT_CASE_1_1_M2x5_WASHER,,Steel estimate; exact self-tapping screw grade and supplier not verified,0.03567095337645425,0.25,Simplified fastener envelope x steel density 7.85,4.544070493815828,"[24.11198727407948, 12.250008043811192, 178.18121009294268]",True,,False
S288_head_pitch_DISC_-1,CTRL_head_pitch,"OEM S288 output disk, included in actuator mass",0,0,Included in corresponding case whole-unit mass,420.2817786234582,"[8.898999782830323, -11.499996185774458, 196.58813343088372]",True,False,False
S288_head_pitch_DISC_1,CTRL_head_pitch,"OEM S288 output disk, included in actuator mass",0,0,Included in corresponding case whole-unit mass,420.2817776569264,"[8.898994819772215, 11.500003797564458, 196.58813610825985]",True,False,False
S288_head_pitch_OUT_-1_M2x5_0,CTRL_head_pitch,Steel estimate; exact self-tapping screw grade and supplier not verified,0.22113530331597075,0.35,Simplified fastener envelope x steel density 7.85,28.170102333244685,"[12.273635300059384, -14.896343032203303, 200.60986550036975]",True,False,False
S288_head_pitch_OUT_-1_M2x5_1,CTRL_head_pitch,Steel estimate; exact self-tapping screw grade and supplier not verified,0.22113550749065825,0.35,Simplified fastener envelope x steel density 7.85,28.170128342759014,"[7.103394446262528, -14.89634399794414, 201.5215198227005]",True,False,False
S288_head_pitch_OUT_-1_M2x5_2,CTRL_head_pitch,Steel estimate; exact self-tapping screw grade and supplier not verified,0.22113540177122995,0.35,Simplified fastener envelope x steel density 7.85,28.170114875315917,"[3.7287590828812296, -14.896343696739512, 197.49978703948864]",True,False,False
S288_head_pitch_OUT_-1_M2x5_3,CTRL_head_pitch,Steel estimate; exact self-tapping screw grade and supplier not verified,0.2211356974872886,0.35,Simplified fastener envelope x steel density 7.85,28.170152546151414,"[5.5243644175778455, -14.896342112039312, 192.56639979645848]",True,False,False
S288_head_pitch_OUT_-1_M2x5_4,CTRL_head_pitch,Steel estimate; exact self-tapping screw grade and supplier not verified,0.22113567509540186,0.35,Simplified fastener envelope x steel density 7.85,28.17014969368177,"[10.694604627621642, -14.896341132989392, 191.65474670967126]",True,False,False
S288_head_pitch_OUT_-1_M2x5_5,CTRL_head_pitch,Steel estimate; exact self-tapping screw grade and supplier not verified,0.22113546935731235,0.35,Simplified fastener envelope x steel density 7.85,28.170123485007945,"[14.069240047692785, -14.896342521019815, 195.67647947501254]",True,False,False
S288_head_pitch_OUT_-1_WASHER_0,CTRL_head_pitch,Steel estimate; exact self-tapping screw grade and supplier not verified,0.035670950206632315,0.35,Simplified fastener envelope x steel density 7.85,4.544070090016855,"[12.273635013303066, -15.74999618426321, 200.60986670533944]",True,False,False
S288_head_pitch_OUT_-1_WASHER_1,CTRL_head_pitch,Steel estimate; exact self-tapping screw grade and supplier not verified,0.03567100333295706,0.35,Simplified fastener envelope x steel density 7.85,4.544076857701536,"[7.103394292968248, -15.749997138343238, 201.52152041231696]",True,False,False
S288_head_pitch_OUT_-1_WASHER_2,CTRL_head_pitch,Steel estimate; exact self-tapping screw grade and supplier not verified,0.0356709479216532,0.35,Simplified fastener envelope x steel density 7.85,4.544069798936714,"[3.728759380830467, -15.74999714631166, 197.4997871730037]",True,False,False
S288_head_pitch_OUT_-1_WASHER_3,CTRL_head_pitch,Steel estimate; exact self-tapping screw grade and supplier not verified,0.03567101201744207,0.35,Simplified fastener envelope x steel density 7.85,4.54407796400536,"[5.524364575516254, -15.749996356804527, 192.5664008661209]",True,False,False
S288_head_pitch_OUT_-1_WASHER_4,CTRL_head_pitch,Steel estimate; exact self-tapping screw grade and supplier not verified,0.03567103398821092,0.35,Simplified fastener envelope x steel density 7.85,4.544080762829417,"[10.694605170878845, -15.749995423618655, 191.65474643649375]",True,False,False
S288_head_pitch_OUT_-1_WASHER_5,CTRL_head_pitch,Steel estimate; exact self-tapping screw grade and supplier not verified,0.03567098364298708,0.35,Simplified fastener envelope x steel density 7.85,4.544074349425105,"[14.069240616758382, -15.749995383159643, 195.67647765199226]",True,False,False
S288_head_pitch_OUT_1_M2x5_0,CTRL_head_pitch,Steel estimate; exact self-tapping screw grade and supplier not verified,0.22113568060279587,0.35,Simplified fastener envelope x steel density 7.85,28.17015039526062,"[12.273630289861647, 14.896349571137744, 200.60986976339802]",True,False,False
S288_head_pitch_OUT_1_M2x5_1,CTRL_head_pitch,Steel estimate; exact self-tapping screw grade and supplier not verified,0.22113568868830313,0.35,Simplified fastener envelope x steel density 7.85,28.170151425261547,"[7.103389904225553, 14.896348740644923, 201.52152291590315]",True,False,False
S288_head_pitch_OUT_1_M2x5_2,CTRL_head_pitch,Steel estimate; exact self-tapping screw grade and supplier not verified,0.22113548011600567,0.35,Simplified fastener envelope x steel density 7.85,28.170124855542127,"[3.7287544425457133, 14.896350170416058, 197.49979018080063]",True,False,False
S288_head_pitch_OUT_1_M2x5_3,CTRL_head_pitch,Steel estimate; exact self-tapping screw grade and supplier not verified,0.22113524330811019,0.35,Simplified fastener envelope x steel density 7.85,28.170094688931233,"[5.524359174531045, 14.89635014942899, 192.56640411067403]",True,False,False
S288_head_pitch_OUT_1_M2x5_4,CTRL_head_pitch,Steel estimate; exact self-tapping screw grade and supplier not verified,0.22113554118074633,0.35,Simplified fastener envelope x steel density 7.85,28.170132634489978,"[10.694600087152127, 14.896351762839455, 191.65474974067618]",True,False,False
S288_head_pitch_OUT_1_M2x5_5,CTRL_head_pitch,Steel estimate; exact self-tapping screw grade and supplier not verified,0.22113542804939998,0.35,Simplified fastener envelope x steel density 7.85,28.170118222853503,"[14.069235408287932, 14.896351436455438, 195.67648257662907]",True,False,False
S288_head_pitch_OUT_1_WASHER_0,CTRL_head_pitch,Steel estimate; exact self-tapping screw grade and supplier not verified,0.03567101225699304,0.35,Simplified fastener envelope x steel density 7.85,4.544077994521406,"[12.273629990017305, 15.750003815349887, 200.60986871118308]",True,False,False
S288_head_pitch_OUT_1_WASHER_1,CTRL_head_pitch,Steel estimate; exact self-tapping screw grade and supplier not verified,0.03567104339437844,0.35,Simplified fastener envelope x steel density 7.85,4.544081961067317,"[7.103390442139799, 15.750002925493858, 201.5215218300302]",True,False,False
S288_head_pitch_OUT_1_WASHER_2,CTRL_head_pitch,Steel estimate; exact self-tapping screw grade and supplier not verified,0.035670974861362115,0.35,Simplified fastener envelope x steel density 7.85,4.544073230746766,"[3.728755106156691, 15.750002816695762, 197.49979057096246]",True,False,False
S288_head_pitch_OUT_1_WASHER_3,CTRL_head_pitch,Steel estimate; exact self-tapping screw grade and supplier not verified,0.03567096454180572,0.35,Simplified fastener envelope x steel density 7.85,4.5440719161535945,"[5.524359119672082, 15.75000373102635, 192.56640299805017]",True,False,False
S288_head_pitch_OUT_1_WASHER_4,CTRL_head_pitch,Steel estimate; exact self-tapping screw grade and supplier not verified,0.035670977344512717,0.35,Simplified fastener envelope x steel density 7.85,4.544073547071683,"[10.69460079546962, 15.750004386599507, 191.65474890088893]",True,False,False
S288_head_pitch_OUT_1_WASHER_5,CTRL_head_pitch,Steel estimate; exact self-tapping screw grade and supplier not verified,0.035670931019776336,0.35,Simplified fastener envelope x steel density 7.85,4.5440676458313805,"[14.069235959717139, 15.750004517514876, 195.6764815382674]",True,False,False
S288_head_roll_CASE,BODY_jaw_soft,"OEM S288 mixed assembly; case plus motor, gears, circuit and both disks",19.5,0.05,Official whole-actuator mass,14385.431271692862,"[-24.169657560311325, -8.083919844301887, 229.78121961332434]",True,False,False
S288_head_roll_DIRECT_CASE_1_0_M2x5,,Steel estimate; exact self-tapping screw grade and supplier not verified,0.221135471988872,0.25,Simplified fastener envelope x steel density 7.85,28.170123820238473,"[-12.104637549246998, -22.49999091655134, 237.78122298105833]",True,,False
S288_head_roll_DIRECT_CASE_1_0_M2x5_WASHER,,Steel estimate; exact self-tapping screw grade and supplier not verified,0.035670969166263555,0.25,Simplified fastener envelope x steel density 7.85,4.544072505256504,"[-11.25098477684432, -22.49999030095515, 237.7812205325047]",True,,False
S288_head_roll_DIRECT_CASE_1_1_M2x5,,Steel estimate; exact self-tapping screw grade and supplier not verified,0.22113548305281114,0.25,Simplified fastener envelope x steel density 7.85,28.170125229657472,"[-12.104645571078041, 7.500009288547172, 237.78121545210368]",True,,False
S288_head_roll_DIRECT_CASE_1_1_M2x5_WASHER,,Steel estimate; exact self-tapping screw grade and supplier not verified,0.03567097300372766,0.25,Simplified fastener envelope x steel density 7.85,4.544072994105434,"[-11.25099235614753, 7.500009304200921, 237.78121813186536]",True,,False
S288_head_roll_DISC_-1,AXIS_head_roll,"OEM S288 output disk, included in actuator mass",0,0,Included in corresponding case whole-unit mass,420.28174572225333,"[-35.000991802835145, 1.9655155856912405e-06, 229.78122031022568]",True,False,False
S288_head_roll_DISC_1,AXIS_head_roll,"OEM S288 output disk, included in actuator mass",0,0,Included in corresponding case whole-unit mass,420.28174940024627,"[-12.00099184553516, 6.901015614464747e-06, 229.78121865861306]",True,False,False
S288_head_roll_OUT_1_M2x5_0,AXIS_head_roll,Steel estimate; exact self-tapping screw grade and supplier not verified,0.22113556462817824,0.35,Simplified fastener envelope x steel density 7.85,28.17013562142398,"[-8.60464432751918, 2.6250091858481297, 234.3278502344354]",True,False,False
S288_head_roll_OUT_1_M2x5_1,AXIS_head_roll,Steel estimate; exact self-tapping screw grade and supplier not verified,0.22113547713879717,0.35,Simplified fastener envelope x steel density 7.85,28.170124476279895,"[-8.604646762008347, 5.250008297413218, 229.78121532830207]",True,False,False
S288_head_roll_OUT_1_M2x5_2,AXIS_head_roll,Steel estimate; exact self-tapping screw grade and supplier not verified,0.22113547503288794,0.35,Simplified fastener envelope x steel density 7.85,28.170124208011202,"[-8.604646803398925, 2.625007108789807, 225.23458318321065]",True,False,False
S288_head_roll_OUT_1_M2x5_3,AXIS_head_roll,Steel estimate; exact self-tapping screw grade and supplier not verified,0.2211354302409326,0.35,Simplified fastener envelope x steel density 7.85,28.170118502029634,"[-8.604645263832412, -2.6249928378895397, 225.2345840198151]",True,False,False
S288_head_roll_OUT_1_M2x5_4,AXIS_head_roll,Steel estimate; exact self-tapping screw grade and supplier not verified,0.22113548614605702,0.35,Simplified fastener envelope x steel density 7.85,28.170125623701534,"[-8.604644018187582, -5.24999194215244, 229.78121817953866]",True,False,False
S288_head_roll_OUT_1_M2x5_5,AXIS_head_roll,Steel estimate; exact self-tapping screw grade and supplier not verified,0.22113559704670377,0.35,Simplified fastener envelope x steel density 7.85,28.170139751172456,"[-8.604643195492402, -2.6249905486230074, 234.32785096134253]",True,False,False
S288_head_roll_OUT_1_WASHER_0,AXIS_head_roll,Steel estimate; exact self-tapping screw grade and supplier not verified,0.035670973998940016,0.35,Simplified fastener envelope x steel density 7.85,4.544073120884079,"[-7.750991751486445, 2.6250094618310107, 234.32784909663414]",True,False,False
S288_head_roll_OUT_1_WASHER_1,AXIS_head_roll,Steel estimate; exact self-tapping screw grade and supplier not verified,0.03567097686577188,0.35,Simplified fastener envelope x steel density 7.85,4.54407348608559,"[-7.750993182500194, 5.250008621013424, 229.7812181487867]",True,False,False
S288_head_roll_OUT_1_WASHER_2,AXIS_head_roll,Steel estimate; exact self-tapping screw grade and supplier not verified,0.035671000126974904,0.35,Simplified fastener envelope x steel density 7.85,4.544076449296166,"[-7.750993230130944, 2.6250073246378283, 225.23458449433582]",True,False,False
S288_head_roll_OUT_1_WASHER_3,AXIS_head_roll,Steel estimate; exact self-tapping screw grade and supplier not verified,0.035670988464239634,0.35,Simplified fastener envelope x steel density 7.85,4.544074963597406,"[-7.75099189378678, -2.6249921568600807, 225.23458649764706]",True,False,False
S288_head_roll_OUT_1_WASHER_4,AXIS_head_roll,Steel estimate; exact self-tapping screw grade and supplier not verified,0.03567097206074567,0.35,Simplified fastener envelope x steel density 7.85,4.54407287398034,"[-7.750990468811545, -5.249991388677726, 229.78121933856275]",True,False,False
S288_head_roll_OUT_1_WASHER_5,AXIS_head_roll,Steel estimate; exact self-tapping screw grade and supplier not verified,0.035670975572440415,0.35,Simplified fastener envelope x steel density 7.85,4.544073321329989,"[-7.750990406862879, -2.6249903206042653, 234.32785146177255]",True,False,False
S288_head_yaw_CASE,BODY_yaw_roll_motion,"OEM S288 mixed assembly; case plus motor, gears, circuit and both disks",19.5,0.05,Official whole-actuator mass,14385.431368662976,"[8.898997993885999, -8.083917603534914, 230.44988713267685]",True,False,False
S288_head_yaw_DIRECT_CASE_-1_0_M2x5,,Steel estimate; exact self-tapping screw grade and supplier not verified,0.2211357249605306,0.25,Simplified fastener envelope x steel density 7.85,28.170156045927467,"[0.8989998445804254, -22.49999362270884, 244.17756864068434]",True,,False
S288_head_yaw_DIRECT_CASE_-1_0_M2x5_WASHER,,Steel estimate; exact self-tapping screw grade and supplier not verified,0.03567098716714466,0.25,Simplified fastener envelope x steel density 7.85,4.544074798362377,"[0.8989999177877028, -22.49999364022967, 245.03121948258038]",True,,False
S288_head_yaw_DIRECT_CASE_-1_1_M2x5,,Steel estimate; exact self-tapping screw grade and supplier not verified,0.2211357186305177,0.25,Simplified fastener envelope x steel density 7.85,28.170155239556397,"[0.8989978786435, 7.500006259258852, 241.1775685651364]",True,,False
S288_head_yaw_DIRECT_CASE_-1_1_M2x5_WASHER,,Steel estimate; exact self-tapping screw grade and supplier not verified,0.035670984822882335,0.25,Simplified fastener envelope x steel density 7.85,4.544074499730233,"[0.8989979295134073, 7.500006271872912, 242.0312194814314]",True,,False
S288_head_yaw_DIRECT_CASE_-1_2_M2x5,,Steel estimate; exact self-tapping screw grade and supplier not verified,0.22113571865568152,0.25,Simplified fastener envelope x steel density 7.85,28.17015524276198,"[16.898999810073256, -22.499992706956082, 244.17756839498816]",True,,False
S288_head_yaw_DIRECT_CASE_-1_2_M2x5_WASHER,,Steel estimate; exact self-tapping screw grade and supplier not verified,0.035670987324671444,0.25,Simplified fastener envelope x steel density 7.85,4.5440748184294835,"[16.89900000772279, -22.499992623556796, 245.03121948398632]",True,,False
S288_head_yaw_DIRECT_CASE_-1_3_M2x5,,Steel estimate; exact self-tapping screw grade and supplier not verified,0.22113571725781853,0.25,Simplified fastener envelope x steel density 7.85,28.17015506469026,"[16.898997844085784, 7.50000719800338, 241.17756850702244]",True,,False
S288_head_yaw_DIRECT_CASE_-1_3_M2x5_WASHER,,Steel estimate; exact self-tapping screw grade and supplier not verified,0.035670986468713084,0.25,Simplified fastener envelope x steel density 7.85,4.544074709390202,"[16.89899794621676, 7.500007182363308, 242.03121948279292]",True,,False
S288_head_yaw_DISC_-1,AXIS_head_yaw,"OEM S288 output disk, included in actuator mass",0,0,Included in corresponding case whole-unit mass,420.2818162416111,"[8.898998315100894, 6.708269258035772e-06, 241.28121948113093]",True,False,False
S288_head_yaw_DISC_1,AXIS_head_yaw,"OEM S288 output disk, included in actuator mass",0,0,Included in corresponding case whole-unit mass,420.281816782119,"[8.898996321273088, 5.8732520921489825e-06, 218.28121948202894]",True,False,False
S288_head_yaw_OUT_1_M2x5_0,AXIS_head_yaw,Steel estimate; exact self-tapping screw grade and supplier not verified,0.22113572037796625,0.35,Simplified fastener envelope x steel density 7.85,28.170155462161304,"[13.445629229811747, 2.62500597422116, 214.8848704012018]",True,False,False
S288_head_yaw_OUT_1_M2x5_1,AXIS_head_yaw,Steel estimate; exact self-tapping screw grade and supplier not verified,0.22113571812459284,0.35,Simplified fastener envelope x steel density 7.85,28.170155175107368,"[8.898995727204722, 5.250005746093004, 214.8848704155059]",True,False,False
S288_head_yaw_OUT_1_M2x5_2,AXIS_head_yaw,Steel estimate; exact self-tapping screw grade and supplier not verified,0.22113571959698153,0.35,Simplified fastener envelope x steel density 7.85,28.170155362672805,"[4.352362466389702, 2.6250054667584424, 214.88487042430828]",True,False,False
S288_head_yaw_OUT_1_M2x5_3,AXIS_head_yaw,Steel estimate; exact self-tapping screw grade and supplier not verified,0.22113571854595504,0.35,Simplified fastener envelope x steel density 7.85,28.170155228784083,"[4.352362782637746, -2.6249945429956574, 214.88487041692545]",True,False,False
S288_head_yaw_OUT_1_M2x5_4,AXIS_head_yaw,Steel estimate; exact self-tapping screw grade and supplier not verified,0.22113572013808025,0.35,Simplified fastener envelope x steel density 7.85,28.17015543160258,"[8.898996325584285, -5.249994293656285, 214.884870404733]",True,False,False
S288_head_yaw_OUT_1_M2x5_5,AXIS_head_yaw,Steel estimate; exact self-tapping screw grade and supplier not verified,0.2211357183672215,0.35,Simplified fastener envelope x steel density 7.85,28.17015520601548,"[13.445629512516899, -2.6249940123060957, 214.88487040545354]",True,False,False
S288_head_yaw_OUT_1_WASHER_0,AXIS_head_yaw,Steel estimate; exact self-tapping screw grade and supplier not verified,0.03567098510249275,0.35,Simplified fastener envelope x steel density 7.85,4.544074535349395,"[13.445629151255195, 2.6250059213374604, 214.03121948427986]",True,False,False
S288_head_yaw_OUT_1_WASHER_1,AXIS_head_yaw,Steel estimate; exact self-tapping screw grade and supplier not verified,0.035670985999535526,0.35,Simplified fastener envelope x steel density 7.85,4.54407464962236,"[8.898995657247726, 5.250005689388346, 214.03121947998315]",True,False,False
S288_head_yaw_OUT_1_WASHER_2,AXIS_head_yaw,Steel estimate; exact self-tapping screw grade and supplier not verified,0.03567098528601766,0.35,Simplified fastener envelope x steel density 7.85,4.544074558728365,"[4.352362395027191, 2.6250054507249043, 214.0312194829929]",True,False,False
S288_head_yaw_OUT_1_WASHER_3,AXIS_head_yaw,Steel estimate; exact self-tapping screw grade and supplier not verified,0.03567098602290215,0.35,Simplified fastener envelope x steel density 7.85,4.544074652599,"[4.352362702984156, -2.6249945757062987, 214.03121948251274]",True,False,False
S288_head_yaw_OUT_1_WASHER_4,AXIS_head_yaw,Steel estimate; exact self-tapping screw grade and supplier not verified,0.03567098624196976,0.35,Simplified fastener envelope x steel density 7.85,4.544074680505702,"[8.898996264438084, -5.249994321749684, 214.0312194817796]",True,False,False
S288_head_yaw_OUT_1_WASHER_5,AXIS_head_yaw,Steel estimate; exact self-tapping screw grade and supplier not verified,0.035670985613585254,0.35,Simplified fastener envelope x steel density 7.85,4.54407460045672,"[13.445629466434724, -2.624994094610085, 214.0312194788809]",True,False,False
S288_jaw_CASE,BODY_jaw_soft,"OEM S288 mixed assembly; case plus motor, gears, circuit and both disks",19.5,0.05,Official whole-actuator mass,14385.431524520218,"[17.082912813861096, 24.83134193389426, 232.78126526472707]",True,False,False
S288_jaw_DIRECT_CASE_-1_0_M2x5,,Steel estimate; exact self-tapping screw grade and supplier not verified,0.22113564824876555,0.25,Simplified fastener envelope x steel density 7.85,28.170146273728097,"[31.49899039751643, 11.103664607389796, 224.7812648262913]",True,,False
S288_jaw_DIRECT_CASE_-1_0_M2x5_WASHER,,Steel estimate; exact self-tapping screw grade and supplier not verified,0.035670965138545924,0.25,Simplified fastener envelope x steel density 7.85,4.544071992171456,"[31.498990605994848, 10.250011391213476, 224.78126491912167]",True,,False
S288_jaw_DIRECT_CASE_-1_1_M2x5,,Steel estimate; exact self-tapping screw grade and supplier not verified,0.22113562128602277,0.25,Simplified fastener envelope x steel density 7.85,28.170142838983793,"[31.49899288669396, 11.10366838093318, 240.78126485919228]",True,,False
S288_jaw_DIRECT_CASE_-1_1_M2x5_WASHER,,Steel estimate; exact self-tapping screw grade and supplier not verified,0.035670966523629964,0.25,Simplified fastener envelope x steel density 7.85,4.5440721686152825,"[31.498993241930616, 10.250014988088532, 240.7812648468907]",True,,False
S288_jaw_DISC_-1,DCTL_Jaw_Hinge,"OEM S288 output disk, included in actuator mass",0,0,Included in corresponding case whole-unit mass,420.2817364080542,"[8.998991248245288, 14.000007605002901, 232.78126656399738]",True,False,False
S288_jaw_DISC_1,DCTL_Jaw_Hinge,"OEM S288 output disk, included in actuator mass",0,0,Included in corresponding case whole-unit mass,420.2817386531671,"[8.998985012988134, 37.00000765656194, 232.78126400349674]",True,False,False
S288_jaw_OUT_1_M2x5_0,DCTL_Jaw_Hinge,Steel estimate; exact self-tapping screw grade and supplier not verified,0.22113547576247486,0.35,Simplified fastener envelope x steel density 7.85,28.170124300952214,"[6.373985237527054, 40.39635423425206, 237.3278958585648]",True,False,False
S288_jaw_OUT_1_M2x5_1,DCTL_Jaw_Hinge,Steel estimate; exact self-tapping screw grade and supplier not verified,0.2211354094944586,0.35,Simplified fastener envelope x steel density 7.85,28.170115859166703,"[3.7489845335587275, 40.39635367730414, 232.7812624051454]",True,False,False
S288_jaw_OUT_1_M2x5_2,DCTL_Jaw_Hinge,Steel estimate; exact self-tapping screw grade and supplier not verified,0.2211354786952566,0.35,Simplified fastener envelope x steel density 7.85,28.170124674554984,"[6.37398349447488, 40.39635345017145, 228.23462881791588]",True,False,False
S288_jaw_OUT_1_M2x5_3,DCTL_Jaw_Hinge,Steel estimate; exact self-tapping screw grade and supplier not verified,0.22113535668571563,0.35,Simplified fastener envelope x steel density 7.85,28.1701091319383,"[11.623983747178768, 40.396353404513825, 228.23462859042291]",True,False,False
S288_jaw_OUT_1_M2x5_4,DCTL_Jaw_Hinge,Steel estimate; exact self-tapping screw grade and supplier not verified,0.22113557191979613,0.35,Simplified fastener envelope x steel density 7.85,28.1701365502925,"[14.248984811235157, 40.39635508605923, 232.78126085854294]",True,False,False
S288_jaw_OUT_1_M2x5_5,DCTL_Jaw_Hinge,Steel estimate; exact self-tapping screw grade and supplier not verified,0.22113553492907792,0.35,Simplified fastener envelope x steel density 7.85,28.1701318380991,"[11.623984989719334, 40.39635672311347, 237.32789451107072]",True,False,False
S288_jaw_OUT_1_WASHER_0,DCTL_Jaw_Hinge,Steel estimate; exact self-tapping screw grade and supplier not verified,0.03567097088454402,0.35,Simplified fastener envelope x steel density 7.85,4.544072724145735,"[6.373985024321387, 41.250007622606994, 237.32789527452113]",True,False,False
S288_jaw_OUT_1_WASHER_1,DCTL_Jaw_Hinge,Steel estimate; exact self-tapping screw grade and supplier not verified,0.0356709756094491,0.35,Simplified fastener envelope x steel density 7.85,4.5440733260444715,"[3.748984132765215, 41.250007083293795, 232.7812642985096]",True,False,False
S288_jaw_OUT_1_WASHER_2,DCTL_Jaw_Hinge,Steel estimate; exact self-tapping screw grade and supplier not verified,0.03567099852456906,0.35,Simplified fastener envelope x steel density 7.85,4.544076245168033,"[6.3739833420537835, 41.25000633697414, 228.234630167493]",True,False,False
S288_jaw_OUT_1_WASHER_3,DCTL_Jaw_Hinge,Steel estimate; exact self-tapping screw grade and supplier not verified,0.03567099924547898,0.35,Simplified fastener envelope x steel density 7.85,4.544076337003692,"[11.62398350635848, 41.25000763070649, 228.23462800318097]",True,False,False
S288_jaw_OUT_1_WASHER_4,DCTL_Jaw_Hinge,Steel estimate; exact self-tapping screw grade and supplier not verified,0.03567098894694736,0.35,Simplified fastener envelope x steel density 7.85,4.544075025088836,"[14.248984517788593, 41.2500081742585, 232.78126350605785]",True,False,False
S288_jaw_OUT_1_WASHER_5,DCTL_Jaw_Hinge,Steel estimate; exact self-tapping screw grade and supplier not verified,0.03567097769450111,0.35,Simplified fastener envelope x steel density 7.85,4.5440735916561925,"[11.623985154313205, 41.25000893054701, 237.3278956247093]",True,False,False
S288_left_ankle_16x22x4_BEARING,BODY_leg,Steel estimate; hardware grade not verified,5.606779941836319,0.35,CAD volume x assumed solid density; not sliced or weighed,714.2394830364738,"[-64.9838422698121, 27.348233404956282, 25.22629120024733]",True,False,False
S288_left_ankle_CASE,BODY_leg,"OEM S288 mixed assembly; case plus motor, gears, circuit and both disks",19.5,0.05,Official whole-actuator mass,14385.43240554314,"[-68.52177734123585, 43.45396519991968, 31.11360096935239]",True,False,False
S288_left_ankle_DIRECT_CASE_-1_0_M2x5,,Steel estimate; exact self-tapping screw grade and supplier not verified,0.22113548713211909,0.25,Simplified fastener envelope x steel density 7.85,28.170125749314536,"[-67.63781991146075, 31.21340580332997, 48.7107528298099]",True,,False
S288_left_ankle_DIRECT_CASE_-1_0_M2x5_WASHER,,Steel estimate; exact self-tapping screw grade and supplier not verified,0.03567098721342562,0.25,Simplified fastener envelope x steel density 7.85,4.544074804258041,"[-67.63781981675646, 30.363000452824714, 48.78515385327018]",True,,False
S288_left_ankle_DIRECT_CASE_-1_1_M2x5,,Steel estimate; exact self-tapping screw grade and supplier not verified,0.22113550427328876,0.25,Simplified fastener envelope x steel density 7.85,28.17012793290303,"[-82.02414359940867, 30.603105437964206, 41.73499224164915]",True,,False
S288_left_ankle_DIRECT_CASE_-1_1_M2x5_WASHER,,Steel estimate; exact self-tapping screw grade and supplier not verified,0.035670976521520896,0.25,Simplified fastener envelope x steel density 7.85,4.544073442231962,"[-82.02414362063973, 29.752700463392582, 41.80939380083453]",True,,False
S288_left_ankle_DISC_-1,CTRL_left_ankle,"OEM S288 output disk, included in actuator mass",0,0,Included in corresponding case whole-unit mass,420.2818420738017,"[-64.9838462092273, 32.03034497805487, 24.816654078419432]",True,False,False
S288_left_ankle_DISC_1,CTRL_left_ankle,"OEM S288 output disk, included in actuator mass",0,0,Included in corresponding case whole-unit mass,420.2818433596526,"[-64.98384318842345, 54.94282240666155, 22.8120650362881]",True,False,False
S288_left_ankle_OUT_-1_M2x5_0,CTRL_left_ankle,Steel estimate; exact self-tapping screw grade and supplier not verified,0.22113552086412208,0.35,Simplified fastener envelope x steel density 7.85,28.17013004638498,"[-67.92309832483828, 28.267786384334084, 20.779127167016824]",True,False,False
S288_left_ankle_OUT_-1_M2x5_1,CTRL_left_ankle,Steel estimate; exact self-tapping screw grade and supplier not verified,0.22113547260948294,0.35,Simplified fastener envelope x steel density 7.85,28.17012389929719,"[-62.68618213680917, 28.23550120857225, 20.410116171479554]",True,False,False
S288_left_ankle_OUT_-1_M2x5_2,CTRL_left_ankle,Steel estimate; exact self-tapping screw grade and supplier not verified,0.22113547239584516,0.35,Simplified fastener envelope x steel density 7.85,28.17012387208219,"[-59.746930693777415, 28.61463793284903, 24.743655049697526]",True,False,False
S288_left_ankle_OUT_-1_M2x5_3,CTRL_left_ankle,Steel estimate; exact self-tapping screw grade and supplier not verified,0.22113549658579484,0.35,Simplified fastener envelope x steel density 7.85,28.170126953604438,"[-62.044595479058664, 29.026059509586275, 29.446204775867542]",True,False,False
S288_left_ankle_OUT_-1_M2x5_4,CTRL_left_ankle,Steel estimate; exact self-tapping screw grade and supplier not verified,0.221135494802865,0.35,Simplified fastener envelope x steel density 7.85,28.170126726479623,"[-67.28151174357731, 29.058344530344232, 29.81521581312803]",True,False,False
S288_left_ankle_OUT_-1_M2x5_5,CTRL_left_ankle,Steel estimate; exact self-tapping screw grade and supplier not verified,0.2211355023486285,0.35,Simplified fastener envelope x steel density 7.85,28.17012768772338,"[-70.22076297707459, 28.67920780575377, 25.481676862602228]",True,False,False
S288_left_ankle_OUT_-1_WASHER_0,CTRL_left_ankle,Steel estimate; exact self-tapping screw grade and supplier not verified,0.03567096644482264,0.35,Simplified fastener envelope x steel density 7.85,4.544072158576133,"[-67.92309826816648, 27.417381363515023, 20.853527654376553]",True,False,False
S288_left_ankle_OUT_-1_WASHER_1,CTRL_left_ankle,Steel estimate; exact self-tapping screw grade and supplier not verified,0.035671005716151526,0.35,Simplified fastener envelope x steel density 7.85,4.544077161293188,"[-62.68618236761247, 27.385096200198824, 20.484516803460135]",True,False,False
S288_left_ankle_OUT_-1_WASHER_2,CTRL_left_ankle,Steel estimate; exact self-tapping screw grade and supplier not verified,0.035670956699537876,0.35,Simplified fastener envelope x steel density 7.85,4.544070917138583,"[-59.74693044340716, 27.764232679107646, 24.818056162813974]",True,False,False
S288_left_ankle_OUT_-1_WASHER_3,CTRL_left_ankle,Steel estimate; exact self-tapping screw grade and supplier not verified,0.03567100787147425,0.35,Simplified fastener envelope x steel density 7.85,4.544077435856593,"[-62.044595660734174, 28.175654128121568, 29.520605702621054]",True,False,False
S288_left_ankle_OUT_-1_WASHER_4,CTRL_left_ankle,Steel estimate; exact self-tapping screw grade and supplier not verified,0.03567097381781299,0.35,Simplified fastener envelope x steel density 7.85,4.544073097810572,"[-67.28151200099258, 28.207939355552394, 29.889616141122474]",True,False,False
S288_left_ankle_OUT_-1_WASHER_5,CTRL_left_ankle,Steel estimate; exact self-tapping screw grade and supplier not verified,0.035671006482999736,0.35,Simplified fastener envelope x steel density 7.85,4.544077258980859,"[-70.22076285337091, 27.82880284420491, 25.556077581688506]",True,False,False
S288_left_ankle_OUT_1_M2x5_0,CTRL_left_ankle,Steel estimate; exact self-tapping screw grade and supplier not verified,0.22113550790820727,0.35,Simplified fastener envelope x steel density 7.85,28.170128395949973,"[-67.9230939774076, 57.94710806101468, 18.182514587147725]",True,False,False
S288_left_ankle_OUT_1_M2x5_1,CTRL_left_ankle,Steel estimate; exact self-tapping screw grade and supplier not verified,0.22113550335559248,0.35,Simplified fastener envelope x steel density 7.85,28.17012781599904,"[-62.68617790085123, 57.91482293688507, 17.81350344150361]",True,False,False
S288_left_ankle_OUT_1_M2x5_2,CTRL_left_ankle,Steel estimate; exact self-tapping screw grade and supplier not verified,0.22113551076285162,0.35,Simplified fastener envelope x steel density 7.85,28.170128759598935,"[-59.74692651174284, 58.29395972536289, 22.147042492926087]",True,False,False
S288_left_ankle_OUT_1_M2x5_3,CTRL_left_ankle,Steel estimate; exact self-tapping screw grade and supplier not verified,0.22113553428970906,0.35,Simplified fastener envelope x steel density 7.85,28.170131756650836,"[-62.044591331539685, 58.70538110063802, 26.84959204837679]",True,False,False
S288_left_ankle_OUT_1_M2x5_4,CTRL_left_ankle,Steel estimate; exact self-tapping screw grade and supplier not verified,0.2211354757101167,0.35,Simplified fastener envelope x steel density 7.85,28.170124294282385,"[-67.28150724349427, 58.737666266045345, 27.218603203136595]",True,False,False
S288_left_ankle_OUT_1_M2x5_5,CTRL_left_ankle,Steel estimate; exact self-tapping screw grade and supplier not verified,0.22113548313364023,0.35,Simplified fastener envelope x steel density 7.85,28.17012523995417,"[-70.2207589665167, 58.358529526632616, 22.88506416828001]",True,False,False
S288_left_ankle_OUT_1_WASHER_0,CTRL_left_ankle,Steel estimate; exact self-tapping screw grade and supplier not verified,0.03567099059395088,0.35,Simplified fastener envelope x steel density 7.85,4.544075234898202,"[-67.9230939383387, 58.797513100429775, 18.1081128972614]",True,False,False
S288_left_ankle_OUT_1_WASHER_1,CTRL_left_ankle,Steel estimate; exact self-tapping screw grade and supplier not verified,0.03567098720814571,0.35,Simplified fastener envelope x steel density 7.85,4.544074803585441,"[-62.686177802364604, 58.76522812629125, 17.739102777449062]",True,False,False
S288_left_ankle_OUT_1_WASHER_2,CTRL_left_ankle,Steel estimate; exact self-tapping screw grade and supplier not verified,0.03567098205581385,0.35,Simplified fastener envelope x steel density 7.85,4.544074147237434,"[-59.74692653808218, 59.14436434443881, 22.072641188963292]",True,False,False
S288_left_ankle_OUT_1_WASHER_3,CTRL_left_ankle,Steel estimate; exact self-tapping screw grade and supplier not verified,0.035670993939788495,0.35,Simplified fastener envelope x steel density 7.85,4.544075661119554,"[-62.0445912082622, 59.55578605929869, 26.775191245192666]",True,False,False
S288_left_ankle_OUT_1_WASHER_4,CTRL_left_ankle,Steel estimate; exact self-tapping screw grade and supplier not verified,0.03567098679764403,0.35,Simplified fastener envelope x steel density 7.85,4.544074751292233,"[-67.28150729495604, 59.58807107729251, 27.14420158344839]",True,False,False
S288_left_ankle_OUT_1_WASHER_5,CTRL_left_ankle,Steel estimate; exact self-tapping screw grade and supplier not verified,0.03567098569071366,0.35,Simplified fastener envelope x steel density 7.85,4.544074610281996,"[-70.22075893303354, 59.20893475239367, 22.810663062653827]",True,False,False
S288_left_hip_pitch_CASE,BODY_upper_leg_left,"OEM S288 mixed assembly; case plus motor, gears, circuit and both disks",19.5,0.05,Official whole-actuator mass,14385.433592082998,"[-68.2510598025491, 55.21194525455868, 92.79519001575821]",True,False,False
S288_left_hip_pitch_DIRECT_CASE_1_0_M2x5,,Steel estimate; exact self-tapping screw grade and supplier not verified,0.22113556579315857,0.25,Simplified fastener envelope x steel density 7.85,28.17013576982912,"[-77.6451823149838, 42.01196974992459, 80.34934786173415]",True,,False
S288_left_hip_pitch_DIRECT_CASE_1_0_M2x5_WASHER,,Steel estimate; exact self-tapping screw grade and supplier not verified,0.03567099892305168,0.25,Simplified fastener envelope x steel density 7.85,4.54407629593015,"[-77.64518172364498, 41.16156441166655, 80.42374959803715]",True,,False
S288_left_hip_pitch_DIRECT_CASE_1_1_M2x5,,Steel estimate; exact self-tapping screw grade and supplier not verified,0.2211355034194205,0.25,Simplified fastener envelope x steel density 7.85,28.170127824130002,"[-50.73601493780927, 43.16788739164995, 93.56148576150294]",True,,False
S288_left_hip_pitch_DIRECT_CASE_1_1_M2x5_WASHER,,Steel estimate; exact self-tapping screw grade and supplier not verified,0.03567099641344734,0.25,Simplified fastener envelope x steel density 7.85,4.54407597623533,"[-50.73601488712083, 42.3174825837474, 93.63588746327181]",True,,False
S288_left_hip_pitch_DIRECT_CASE_1_2_M2x5,,Steel estimate; exact self-tapping screw grade and supplier not verified,0.22113550490248274,0.25,Simplified fastener envelope x steel density 7.85,28.17012801305513,"[-84.71857260543607, 43.26279071387403, 94.64629362808576]",True,,False
S288_left_hip_pitch_DIRECT_CASE_1_2_M2x5_WASHER,,Steel estimate; exact self-tapping screw grade and supplier not verified,0.035671020121949615,0.25,Simplified fastener envelope x steel density 7.85,4.544078996426703,"[-84.71857241350952, 42.41238592885102, 94.72069452072957]",True,,False
S288_left_hip_pitch_DIRECT_CASE_1_3_M2x5,,Steel estimate; exact self-tapping screw grade and supplier not verified,0.2211354963511843,0.25,Simplified fastener envelope x steel density 7.85,28.170126923717746,"[-57.80940571594637, 44.418709386742535, 107.85843155562104]",True,,False
S288_left_hip_pitch_DIRECT_CASE_1_3_M2x5_WASHER,,Steel estimate; exact self-tapping screw grade and supplier not verified,0.03567101671574447,0.25,Simplified fastener envelope x steel density 7.85,4.544078562515219,"[-57.809405916931475, 43.568303957017996, 107.93283203302555]",True,,False
S288_left_hip_pitch_DISC_-1,AXIS_left_hip_pitch,"OEM S288 output disk, included in actuator mass",0,0,Included in corresponding case whole-unit mass,420.2819331684109,"[-61.00000581576554, 66.31353987498136, 95.41137398244727]",True,False,False
S288_left_hip_pitch_DISC_1,AXIS_left_hip_pitch,"OEM S288 output disk, included in actuator mass",0,0,Included in corresponding case whole-unit mass,420.2818523536724,"[-61.00000206865533, 43.40106002662603, 97.41595833874962]",True,False,False
S288_left_hip_pitch_OUT_1_M2x5_0,AXIS_left_hip_pitch,Steel estimate; exact self-tapping screw grade and supplier not verified,0.2211355429642586,0.35,Simplified fastener envelope x steel density 7.85,28.170132861688995,"[-60.65545653593314, 40.47421887558762, 102.93071726603218]",True,False,False
S288_left_hip_pitch_OUT_1_M2x5_1,AXIS_left_hip_pitch,Steel estimate; exact self-tapping screw grade and supplier not verified,0.22113548680172623,0.35,Simplified fastener envelope x steel density 7.85,28.170125707226273,"[-56.29089717863693, 40.219922912462955, 100.02409359489806]",True,False,False
S288_left_hip_pitch_OUT_1_M2x5_2,AXIS_left_hip_pitch,Steel estimate; exact self-tapping screw grade and supplier not verified,0.22113546664729164,0.35,Simplified fastener envelope x steel density 7.85,28.170123139782376,"[-56.63544214590389, 39.7633406917218, 94.80534620166479]",True,False,False
S288_left_hip_pitch_OUT_1_M2x5_3,AXIS_left_hip_pitch,Steel estimate; exact self-tapping screw grade and supplier not verified,0.22113558506761208,0.35,Simplified fastener envelope x steel density 7.85,28.170138225173517,"[-61.34454671018181, 39.56105574740231, 92.49322208325133]",True,False,False
S288_left_hip_pitch_OUT_1_M2x5_4,AXIS_left_hip_pitch,Steel estimate; exact self-tapping screw grade and supplier not verified,0.22113550428552212,0.35,Simplified fastener envelope x steel density 7.85,28.170127934461416,"[-65.70910596318313, 39.81535161483742, 95.39984554038226]",True,False,False
S288_left_hip_pitch_OUT_1_M2x5_5,AXIS_left_hip_pitch,Steel estimate; exact self-tapping screw grade and supplier not verified,0.22113551199177595,0.35,Simplified fastener envelope x steel density 7.85,28.170128916149803,"[-65.3645604560497, 40.271933195528035, 100.61859307430281]",True,False,False
S288_left_hip_pitch_OUT_1_WASHER_0,AXIS_left_hip_pitch,Steel estimate; exact self-tapping screw grade and supplier not verified,0.03567097888214402,0.35,Simplified fastener envelope x steel density 7.85,4.544073742948283,"[-60.655456205293106, 39.623814053004196, 103.0051191162952]",True,False,False
S288_left_hip_pitch_OUT_1_WASHER_1,AXIS_left_hip_pitch,Steel estimate; exact self-tapping screw grade and supplier not verified,0.0356709878525582,0.35,Simplified fastener envelope x steel density 7.85,4.544074885676204,"[-56.29089718096599, 39.3695177897737, 100.09849436745266]",True,False,False
S288_left_hip_pitch_OUT_1_WASHER_2,AXIS_left_hip_pitch,Steel estimate; exact self-tapping screw grade and supplier not verified,0.03567097633694297,0.35,Simplified fastener envelope x steel density 7.85,4.544073418718849,"[-56.635442326761286, 38.91293567988077, 94.8797467803414]",True,False,False
S288_left_hip_pitch_OUT_1_WASHER_3,AXIS_left_hip_pitch,Steel estimate; exact self-tapping screw grade and supplier not verified,0.035670996865838876,0.35,Simplified fastener envelope x steel density 7.85,4.544076033864825,"[-61.34454641787972, 38.71065017222512, 92.5676227612433]",True,False,False
S288_left_hip_pitch_OUT_1_WASHER_4,AXIS_left_hip_pitch,Steel estimate; exact self-tapping screw grade and supplier not verified,0.03567099729510799,0.35,Simplified fastener envelope x steel density 7.85,4.544076088548788,"[-65.70910599488747, 38.96494644969571, 95.47424667582169]",True,False,False
S288_left_hip_pitch_OUT_1_WASHER_5,AXIS_left_hip_pitch,Steel estimate; exact self-tapping screw grade and supplier not verified,0.03567098168547778,0.35,Simplified fastener envelope x steel density 7.85,4.544074100060865,"[-65.36456102892507, 39.42152826127518, 100.69299399597715]",True,False,False
S288_left_hip_roll_CASE,BODY_yaw2roll,"OEM S288 mixed assembly; case plus motor, gears, circuit and both disks",19.5,0.05,Official whole-actuator mass,14385.431129472905,"[-59.66866349921204, 17.50000097538086, 91.59808232556426]",True,False,False
S288_left_hip_roll_DIRECT_CASE_-1_0_M2x5,,Steel estimate; exact self-tapping screw grade and supplier not verified,0.22113539410894814,0.25,Simplified fastener envelope x steel density 7.85,28.17011389922906,"[-70.39634240792614, 25.500000269233738, 107.1820062519083]",True,,False
S288_left_hip_roll_DIRECT_CASE_-1_0_M2x5_WASHER,,Steel estimate; exact self-tapping screw grade and supplier not verified,0.03567097191832451,0.25,Simplified fastener envelope x steel density 7.85,4.544072855837517,"[-71.24999618287447, 25.500000217016847, 107.18200678855794]",True,,False
S288_left_hip_roll_DIRECT_CASE_-1_1_M2x5,,Steel estimate; exact self-tapping screw grade and supplier not verified,0.22113570246431113,0.25,Simplified fastener envelope x steel density 7.85,28.170153180167024,"[-70.3963450798218, 9.500000226813624, 107.1820053293715]",True,,False
S288_left_hip_roll_DIRECT_CASE_-1_1_M2x5_WASHER,,Steel estimate; exact self-tapping screw grade and supplier not verified,0.03567099089422128,0.25,Simplified fastener envelope x steel density 7.85,4.5440752731492084,"[-71.24999617918196, 9.500000426472457, 107.18200507785635]",True,,False
S288_left_hip_roll_DISC_-1,CTRL_left_hip_roll,"OEM S288 output disk, included in actuator mass",0,0,Included in corresponding case whole-unit mass,420.2817554441751,"[-70.49999618822825, 17.500000451782086, 99.68200567326433]",True,False,False
S288_left_hip_roll_DISC_1,CTRL_left_hip_roll,"OEM S288 output disk, included in actuator mass",0,0,Included in corresponding case whole-unit mass,420.2817587476167,"[-47.499996189916594, 17.499999373591248, 99.68200814572401]",True,False,False
S288_left_hip_roll_OUT_1_M2x5_0,CTRL_left_hip_roll,Steel estimate; exact self-tapping screw grade and supplier not verified,0.2211354262196181,0.35,Simplified fastener envelope x steel density 7.85,28.170117989760268,"[-44.10365039551922, 12.953365359233269, 102.30700797799273]",True,False,False
S288_left_hip_roll_OUT_1_M2x5_1,CTRL_left_hip_roll,Steel estimate; exact self-tapping screw grade and supplier not verified,0.22113544215633804,0.35,Simplified fastener envelope x steel density 7.85,28.170120019915675,"[-44.10365047934333, 17.499998382338966, 104.932008198494]",True,False,False
S288_left_hip_roll_OUT_1_M2x5_2,CTRL_left_hip_roll,Steel estimate; exact self-tapping screw grade and supplier not verified,0.2211354702341536,0.35,Simplified fastener envelope x steel density 7.85,28.17012359670747,"[-44.10364979386961, 22.046632133405268, 102.30700819377446]",True,False,False
S288_left_hip_roll_OUT_1_M2x5_3,CTRL_left_hip_roll,Steel estimate; exact self-tapping screw grade and supplier not verified,0.2211355654233355,0.35,Simplified fastener envelope x steel density 7.85,28.1701357227179,"[-44.10364893615035, 22.04663241373312, 97.05700836234851]",True,False,False
S288_left_hip_roll_OUT_1_M2x5_4,CTRL_left_hip_roll,Steel estimate; exact self-tapping screw grade and supplier not verified,0.22113560458346304,0.35,Simplified fastener envelope x steel density 7.85,28.17014071126918,"[-44.10364892362119, 17.49999937373492, 94.43200820963125]",True,False,False
S288_left_hip_roll_OUT_1_M2x5_5,CTRL_left_hip_roll,Steel estimate; exact self-tapping screw grade and supplier not verified,0.2211354200480531,0.35,Simplified fastener envelope x steel density 7.85,28.170117203573643,"[-44.103650377506234, 12.953365810176377, 97.05700801758549]",True,False,False
S288_left_hip_roll_OUT_1_WASHER_0,CTRL_left_hip_roll,Steel estimate; exact self-tapping screw grade and supplier not verified,0.03567100301051178,0.35,Simplified fastener envelope x steel density 7.85,4.544076816625704,"[-43.24999618467878, 12.953365249385449, 102.30700792679302]",True,False,False
S288_left_hip_roll_OUT_1_WASHER_1,CTRL_left_hip_roll,Steel estimate; exact self-tapping screw grade and supplier not verified,0.035670993211445276,0.35,Simplified fastener envelope x steel density 7.85,4.544075568336979,"[-43.249996183674, 17.499998402008753, 104.93200854604922]",True,False,False
S288_left_hip_roll_OUT_1_WASHER_2,CTRL_left_hip_roll,Steel estimate; exact self-tapping screw grade and supplier not verified,0.0356709878958008,0.35,Simplified fastener envelope x steel density 7.85,4.544074891184816,"[-43.24999618555972, 22.04663173942067, 102.30700862320116]",True,False,False
S288_left_hip_roll_OUT_1_WASHER_3,CTRL_left_hip_roll,Steel estimate; exact self-tapping screw grade and supplier not verified,0.035670987853734744,0.35,Simplified fastener envelope x steel density 7.85,4.544074885826082,"[-43.249996185611714, 22.046632297924383, 97.0570085998391]",True,False,False
S288_left_hip_roll_OUT_1_WASHER_4,CTRL_left_hip_roll,Steel estimate; exact self-tapping screw grade and supplier not verified,0.03567099754979228,0.35,Simplified fastener envelope x steel density 7.85,4.544076120992647,"[-43.24999618502625, 17.49999908574739, 94.43200843756368]",True,False,False
S288_left_hip_roll_OUT_1_WASHER_5,CTRL_left_hip_roll,Steel estimate; exact self-tapping screw grade and supplier not verified,0.035671001842708036,0.35,Simplified fastener envelope x steel density 7.85,4.544076667860897,"[-43.2499961822074, 12.953365674768909, 97.05700782537414]",True,False,False
S288_left_hip_yaw_CASE,V12_Hip_Module,"OEM S288 mixed assembly; case plus motor, gears, circuit and both disks",19.5,0.05,Official whole-actuator mass,14385.431344812563,"[-67.08392419922248, 17.500000531988697, 129.35065926817836]",True,False,False
S288_left_hip_yaw_DIRECT_CASE_-1_0_M2x8,,Steel estimate; exact self-tapping screw grade and supplier not verified,0.2950013932903322,0.25,Simplified fastener envelope x steel density 7.85,37.5797953236092,"[-81.49999902437186, 25.500001021213798, 144.72714340098796]",True,,False
S288_left_hip_yaw_DIRECT_CASE_-1_0_M2x8_WASHER,,Steel estimate; exact self-tapping screw grade and supplier not verified,0.03567098202731853,0.25,Simplified fastener envelope x steel density 7.85,4.544074143607456,"[-81.49999873688938, 25.500000844731023, 146.93199157534778]",True,,False
S288_left_hip_yaw_DIRECT_CASE_-1_1_M2x12,,Steel estimate; exact self-tapping screw grade and supplier not verified,0.39348909009863225,0.25,Simplified fastener envelope x steel density 7.85,50.125998738679264,"[-51.49999903123653, 25.499999655193808, 143.8386431378461]",True,,False
S288_left_hip_yaw_DIRECT_CASE_-1_1_M2x12_WASHER,,Steel estimate; exact self-tapping screw grade and supplier not verified,0.035670978665602586,0.25,Simplified fastener envelope x steel density 7.85,4.544073715363386,"[-51.49999864978758, 25.499999677743443, 147.9319915774928]",True,,False
S288_left_hip_yaw_DIRECT_CASE_1_0_M2x5,,Steel estimate; exact self-tapping screw grade and supplier not verified,0.22113507616513697,0.25,Simplified fastener envelope x steel density 7.85,28.170073396832738,"[-81.50000005716234, 25.50000101908855, 117.28564836279617]",True,,False
S288_left_hip_yaw_DIRECT_CASE_1_0_M2x5_WASHER,,Steel estimate; exact self-tapping screw grade and supplier not verified,0.035670990953915224,0.25,Simplified fastener envelope x steel density 7.85,4.544075280753532,"[-81.50000007383898, 25.500001073656854, 116.43199157714749]",True,,False
S288_left_hip_yaw_DIRECT_CASE_1_1_M2x5,,Steel estimate; exact self-tapping screw grade and supplier not verified,0.2211357025919967,0.25,Simplified fastener envelope x steel density 7.85,28.170153196432704,"[-51.50000001618216, 25.49999966449737, 117.28564270325296]",True,,False
S288_left_hip_yaw_DIRECT_CASE_1_1_M2x5_WASHER,,Steel estimate; exact self-tapping screw grade and supplier not verified,0.035670987071472655,0.25,Simplified fastener envelope x steel density 7.85,4.5440747861748605,"[-51.500000100308924, 25.499999825781657, 116.43199157714778]",True,,False
S288_left_hip_yaw_DIRECT_CASE_1_2_M2x5,,Steel estimate; exact self-tapping screw grade and supplier not verified,0.22113517534705907,0.25,Simplified fastener envelope x steel density 7.85,28.170086031472493,"[-81.50000071432493, 9.50000096805004, 117.28564917058816]",True,,False
S288_left_hip_yaw_DIRECT_CASE_1_2_M2x5_WASHER,,Steel estimate; exact self-tapping screw grade and supplier not verified,0.03567098792068803,0.25,Simplified fastener envelope x steel density 7.85,4.5440748943551625,"[-81.50000110873657, 9.500001042837567, 116.43199157714828]",True,,False
S288_left_hip_yaw_DIRECT_CASE_1_3_M2x5,,Steel estimate; exact self-tapping screw grade and supplier not verified,0.22113571633013376,0.25,Simplified fastener envelope x steel density 7.85,28.170154946513858,"[-51.50000081380055, 9.499999691215354, 117.2856426383372]",True,,False
S288_left_hip_yaw_DIRECT_CASE_1_3_M2x5_WASHER,,Steel estimate; exact self-tapping screw grade and supplier not verified,0.035670988294242104,0.25,Simplified fastener envelope x steel density 7.85,4.544074941941669,"[-51.50000111094249, 9.499999652255111, 116.4319915756515]",True,,False
S288_left_hip_yaw_DISC_-1,CTRL_left_hip_yaw,"OEM S288 output disk, included in actuator mass",0,0,Included in corresponding case whole-unit mass,420.2818119546573,"[-58.99999955685053, 17.50000015469531, 140.18199158036276]",True,False,False
S288_left_hip_yaw_DISC_1,CTRL_left_hip_yaw,"OEM S288 output disk, included in actuator mass",0,0,Included in corresponding case whole-unit mass,420.2818122818626,"[-59.00000047475794, 17.500000056499303, 117.18199157393443]",True,False,False
S288_left_hip_yaw_OUT_1_M2x5_0,CTRL_left_hip_yaw,Steel estimate; exact self-tapping screw grade and supplier not verified,0.2211357396503018,0.35,Simplified fastener envelope x steel density 7.85,28.1701579172359,"[-56.37500070025808, 12.953366476286352, 113.78564283057155]",True,False,False
S288_left_hip_yaw_OUT_1_M2x5_1,CTRL_left_hip_yaw,Steel estimate; exact self-tapping screw grade and supplier not verified,0.22113572823757635,0.35,Simplified fastener envelope x steel density 7.85,28.170156463385524,"[-53.75000046501874, 17.49999974110414, 113.7856429878029]",True,False,False
S288_left_hip_yaw_OUT_1_M2x5_2,CTRL_left_hip_yaw,Steel estimate; exact self-tapping screw grade and supplier not verified,0.22113571114970193,0.35,Simplified fastener envelope x steel density 7.85,28.170154286586236,"[-56.37500030656244, 22.046633287252455, 113.7856426563591]",True,False,False
S288_left_hip_yaw_OUT_1_M2x5_3,CTRL_left_hip_yaw,Steel estimate; exact self-tapping screw grade and supplier not verified,0.2211357053039989,0.35,Simplified fastener envelope x steel density 7.85,28.17015354191069,"[-61.62500032335923, 22.04663341603504, 113.78564244410087]",True,False,False
S288_left_hip_yaw_OUT_1_M2x5_4,CTRL_left_hip_yaw,Steel estimate; exact self-tapping screw grade and supplier not verified,0.2211357351476207,0.35,Simplified fastener envelope x steel density 7.85,28.17015734364595,"[-64.25000052738028, 17.500000230965234, 113.78564293300508]",True,False,False
S288_left_hip_yaw_OUT_1_M2x5_5,CTRL_left_hip_yaw,Steel estimate; exact self-tapping screw grade and supplier not verified,0.2211357295128503,0.35,Simplified fastener envelope x steel density 7.85,28.170156625840804,"[-61.62500071204427, 12.953366727748165, 113.78564284947383]",True,False,False
S288_left_hip_yaw_OUT_1_WASHER_0,CTRL_left_hip_yaw,Steel estimate; exact self-tapping screw grade and supplier not verified,0.03567098882272166,0.35,Simplified fastener envelope x steel density 7.85,4.544075009263906,"[-56.37500113767315, 12.953366582602587, 112.93199157714842]",True,False,False
S288_left_hip_yaw_OUT_1_WASHER_1,CTRL_left_hip_yaw,Steel estimate; exact self-tapping screw grade and supplier not verified,0.03567098746329025,0.35,Simplified fastener envelope x steel density 7.85,4.54407483608793,"[-53.75000113575185, 17.49999979755709, 112.93199157891365]",True,False,False
S288_left_hip_yaw_OUT_1_WASHER_2,CTRL_left_hip_yaw,Steel estimate; exact self-tapping screw grade and supplier not verified,0.035670988832145846,0.35,Simplified fastener envelope x steel density 7.85,4.544075010464439,"[-56.375000670019965, 22.046633135795375, 112.9319915771477]",True,False,False
S288_left_hip_yaw_OUT_1_WASHER_3,CTRL_left_hip_yaw,Steel estimate; exact self-tapping screw grade and supplier not verified,0.03567099085726022,0.35,Simplified fastener envelope x steel density 7.85,4.544075268440793,"[-61.62500064849127, 22.04663341659985, 112.93199157714874]",True,False,False
S288_left_hip_yaw_OUT_1_WASHER_4,CTRL_left_hip_yaw,Steel estimate; exact self-tapping screw grade and supplier not verified,0.03567098864111097,0.35,Simplified fastener envelope x steel density 7.85,4.544074986128787,"[-64.2500009481239, 17.50000020187792, 112.93199157891415]",True,False,False
S288_left_hip_yaw_OUT_1_WASHER_5,CTRL_left_hip_yaw,Steel estimate; exact self-tapping screw grade and supplier not verified,0.035670987290449284,0.35,Simplified fastener envelope x steel density 7.85,4.5440748140699725,"[-61.6250011200485, 12.953366793541433, 112.93199157714858]",True,False,False
S288_left_knee_CASE,BODY_upper_leg_left,"OEM S288 mixed assembly; case plus motor, gears, circuit and both disks",19.5,0.05,Official whole-actuator mass,14385.43453548524,"[-86.93895049522011, 53.057002267908494, 68.16415533004195]",True,False,False
S288_left_knee_DIRECT_CASE_1_0_M2x5,,Steel estimate; exact self-tapping screw grade and supplier not verified,0.22113551640446621,0.25,Simplified fastener envelope x steel density 7.85,28.170129478275953,"[-100.48788673145964, 41.85665121911339, 78.57406988523348]",True,,False
S288_left_knee_DIRECT_CASE_1_0_M2x5_WASHER,,Steel estimate; exact self-tapping screw grade and supplier not verified,0.035670995452524515,0.25,Simplified fastener envelope x steel density 7.85,4.544075853824779,"[-100.48788633704415, 41.006246350460465, 78.64847080982774]",True,,False
S288_left_knee_DIRECT_CASE_1_1_M2x5,,Steel estimate; exact self-tapping screw grade and supplier not verified,0.2211354542254642,0.25,Simplified fastener envelope x steel density 7.85,28.170121557383975,"[-87.22528208833475, 39.51136036432553, 51.76729840447716]",True,,False
S288_left_knee_DIRECT_CASE_1_1_M2x5_WASHER,,Steel estimate; exact self-tapping screw grade and supplier not verified,0.0356710245847803,0.25,Simplified fastener envelope x steel density 7.85,4.544079564940167,"[-87.22528222697026, 38.66095518937927, 51.84169995595433]",True,,False
S288_left_knee_DIRECT_CASE_1_2_M2x5,,Steel estimate; exact self-tapping screw grade and supplier not verified,0.2211354599267975,0.25,Simplified fastener envelope x steel density 7.85,28.170122283668473,"[-86.1363297426584, 42.47313721550339, 85.62054301354097]",True,,False
S288_left_knee_DIRECT_CASE_1_2_M2x5_WASHER,,Steel estimate; exact self-tapping screw grade and supplier not verified,0.035671021338414835,0.25,Simplified fastener envelope x steel density 7.85,4.544079151390425,"[-86.13633039319798, 41.62273295084074, 85.6949437426149]",True,,False
S288_left_knee_DIRECT_CASE_1_3_M2x5,,Steel estimate; exact self-tapping screw grade and supplier not verified,0.22113555245607236,0.25,Simplified fastener envelope x steel density 7.85,28.170134070837246,"[-72.8737252044682, 40.127846551525025, 58.81377155858509]",True,,False
S288_left_knee_DIRECT_CASE_1_3_M2x5_WASHER,,Steel estimate; exact self-tapping screw grade and supplier not verified,0.035670994316109,0.25,Simplified fastener envelope x steel density 7.85,4.544075709058471,"[-72.873725862014, 39.27744186167437, 58.88817257396034]",True,,False
S288_left_knee_DISC_-1,CTRL_left_knee,"OEM S288 output disk, included in actuator mass",0,0,Included in corresponding case whole-unit mass,420.28181153349277,"[-83.36515388211915, 63.215147036972965, 59.996677080512896]",True,False,False
S288_left_knee_DISC_1,CTRL_left_knee,"OEM S288 output disk, included in actuator mass",0,0,Included in corresponding case whole-unit mass,420.28188078889144,"[-83.365154849856, 40.3026674097977, 62.00126193412161]",True,False,False
S288_left_knee_OUT_1_M2x5_0,CTRL_left_knee,Steel estimate; exact self-tapping screw grade and supplier not verified,0.22113552659176886,0.35,Simplified fastener envelope x steel density 7.85,28.170130776021512,"[-78.12647275412525, 36.88921510322625, 61.95403889872497]",True,False,False
S288_left_knee_OUT_1_M2x5_1,CTRL_left_knee,Steel estimate; exact self-tapping screw grade and supplier not verified,0.22113547835877712,0.35,Simplified fastener envelope x steel density 7.85,28.17012463169135,"[-81.04419913380192, 36.50881848256521, 57.606088481695565]",True,False,False
S288_left_knee_OUT_1_M2x5_2,CTRL_left_knee,Steel estimate; exact self-tapping screw grade and supplier not verified,0.22113549710452776,0.35,Simplified fastener envelope x steel density 7.85,28.170127019685065,"[-86.28288105842151, 36.53884813215414, 57.94932287685441]",True,False,False
S288_left_knee_OUT_1_M2x5_3,CTRL_left_knee,Steel estimate; exact self-tapping screw grade and supplier not verified,0.22113547187000265,0.35,Simplified fastener envelope x steel density 7.85,28.17012380509588,"[-88.60383729050167, 36.94927353073655, 62.64050765596794]",True,False,False
S288_left_knee_OUT_1_M2x5_4,CTRL_left_knee,Steel estimate; exact self-tapping screw grade and supplier not verified,0.22113548593032042,0.35,Simplified fastener envelope x steel density 7.85,28.17012559621916,"[-85.68611025102514, 37.32967038396124, 66.9884583820876]",True,False,False
S288_left_knee_OUT_1_M2x5_5,CTRL_left_knee,Steel estimate; exact self-tapping screw grade and supplier not verified,0.22113547793056604,0.35,Simplified fastener envelope x steel density 7.85,28.17012457714217,"[-80.4474287550836, 37.29964067667478, 66.64522396828487]",True,False,False
S288_left_knee_OUT_1_WASHER_0,CTRL_left_knee,Steel estimate; exact self-tapping screw grade and supplier not verified,0.035670983839631666,0.35,Simplified fastener envelope x steel density 7.85,4.544074374475372,"[-78.12647262567849, 36.03881032904024, 62.02843967485233]",True,False,False
S288_left_knee_OUT_1_WASHER_1,CTRL_left_knee,Steel estimate; exact self-tapping screw grade and supplier not verified,0.035670978208512255,0.35,Simplified fastener envelope x steel density 7.85,4.544073657135319,"[-81.04419917052233, 35.65841352445454, 57.68048974128862]",True,False,False
S288_left_knee_OUT_1_WASHER_2,CTRL_left_knee,Steel estimate; exact self-tapping screw grade and supplier not verified,0.03567097934096303,0.35,Simplified fastener envelope x steel density 7.85,4.544073801396564,"[-86.2828813566858, 35.68844284066494, 58.02372349392948]",True,False,False
S288_left_knee_OUT_1_WASHER_3,CTRL_left_knee,Steel estimate; exact self-tapping screw grade and supplier not verified,0.035670998393230645,0.35,Simplified fastener envelope x steel density 7.85,4.544076228437025,"[-88.60383698952653, 36.098869018062054, 62.71490927522578]",True,False,False
S288_left_knee_OUT_1_WASHER_4,CTRL_left_knee,Steel estimate; exact self-tapping screw grade and supplier not verified,0.03567100442098208,0.35,Simplified fastener envelope x steel density 7.85,4.54407699630345,"[-85.68611080530911, 36.47926550635182, 67.06285928755972]",True,False,False
S288_left_knee_OUT_1_WASHER_5,CTRL_left_knee,Steel estimate; exact self-tapping screw grade and supplier not verified,0.03567100660044067,0.35,Simplified fastener envelope x steel density 7.85,4.544077273941487,"[-80.44742901794085, 36.44923620048986, 66.71962491248459]",True,False,False
S288_neck_pitch_CASE,BODY_neck,"OEM S288 mixed assembly; case plus motor, gears, circuit and both disks",19.5,0.05,Official whole-actuator mass,14385.433031761118,"[23.235134797318658, -0.6686645993301775, 157.19990586148276]",True,False,False
S288_neck_pitch_DIRECT_CASE_-1_0_M2x5,,Steel estimate; exact self-tapping screw grade and supplier not verified,0.22113573386877297,0.25,Simplified fastener envelope x steel density 7.85,28.170157180735412,"[25.822089105149093, -14.396338634662852, 173.48275122890377]",True,,False
S288_neck_pitch_DIRECT_CASE_-1_0_M2x5_WASHER,,Steel estimate; exact self-tapping screw grade and supplier not verified,0.03567100827477809,0.25,Simplified fastener envelope x steel density 7.85,4.544077487232879,"[25.82208987227233, -15.249992878342681, 173.48275195391105]",True,,False
S288_neck_pitch_DIRECT_CASE_-1_1_M2x5,,Steel estimate; exact self-tapping screw grade and supplier not verified,0.22113568759023408,0.25,Simplified fastener envelope x steel density 7.85,28.17015128538014,"[10.787006168220147, -14.396340557322894, 168.01042956906417]",True,,False
S288_neck_pitch_DIRECT_CASE_-1_1_M2x5_WASHER,,Steel estimate; exact self-tapping screw grade and supplier not verified,0.035671034593182036,0.25,Simplified fastener envelope x steel density 7.85,4.544080839895801,"[10.787005587770327, -15.249994693920794, 168.01042980875656]",True,,False
S288_neck_pitch_DIRECT_CASE_1_0_M2x5,,Steel estimate; exact self-tapping screw grade and supplier not verified,0.2211353672686737,0.25,Simplified fastener envelope x steel density 7.85,28.17011048008582,"[25.822088667897997, 11.396353811615752, 173.48274461667287]",True,,False
S288_neck_pitch_DIRECT_CASE_1_0_M2x5_WASHER,,Steel estimate; exact self-tapping screw grade and supplier not verified,0.03567095304987793,0.25,Simplified fastener envelope x steel density 7.85,4.54407045221375,"[25.822088201099124, 12.250007127059197, 173.48274557235783]",True,,False
S288_neck_pitch_DIRECT_CASE_1_1_M2x5,,Steel estimate; exact self-tapping screw grade and supplier not verified,0.22113537447961873,0.25,Simplified fastener envelope x steel density 7.85,28.170111398677545,"[10.787005735674123, 11.396352689857464, 168.01042327293476]",True,,False
S288_neck_pitch_DIRECT_CASE_1_1_M2x5_WASHER,,Steel estimate; exact self-tapping screw grade and supplier not verified,0.035670955095335834,0.25,Simplified fastener envelope x steel density 7.85,4.544070712781635,"[10.787005664232497, 12.250005290462848, 168.01042264169155]",True,,False
S288_neck_pitch_DISC_-1,AXIS_neck_pitch,"OEM S288 output disk, included in actuator mass",0,0,Included in corresponding case whole-unit mass,420.2818644324657,"[25.999999923746394, -11.499999055963126, 149.60350234556057]",True,False,False
S288_neck_pitch_DISC_1,AXIS_neck_pitch,"OEM S288 output disk, included in actuator mass",0,0,Included in corresponding case whole-unit mass,420.28185415236436,"[25.999999900762536, 11.500000917766576, 149.60349841399116]",True,False,False
S288_neck_pitch_OUT_-1_M2x5_0,AXIS_neck_pitch,Steel estimate; exact self-tapping screw grade and supplier not verified,0.2211354072327607,0.35,Simplified fastener envelope x steel density 7.85,28.17011557105232,"[22.625364966568767, -14.896347308318001, 145.5817700933288]",True,False,False
S288_neck_pitch_OUT_-1_M2x5_1,AXIS_neck_pitch,Steel estimate; exact self-tapping screw grade and supplier not verified,0.22113538516745485,0.35,Simplified fastener envelope x steel density 7.85,28.170112760185333,"[27.795605654716404, -14.896346627894538, 144.67011771671676]",True,False,False
S288_neck_pitch_OUT_-1_M2x5_2,AXIS_neck_pitch,Steel estimate; exact self-tapping screw grade and supplier not verified,0.2211353674918439,0.35,Simplified fastener envelope x steel density 7.85,28.170110508515148,"[31.170241499048128, -14.896345859677535, 148.69185052005764]",True,False,False
S288_neck_pitch_OUT_-1_M2x5_3,AXIS_neck_pitch,Steel estimate; exact self-tapping screw grade and supplier not verified,0.22113567648612717,0.35,Simplified fastener envelope x steel density 7.85,28.170149870844227,"[29.37463591815256, -14.896344031220263, 153.6252371997064]",True,False,False
S288_neck_pitch_OUT_-1_M2x5_4,AXIS_neck_pitch,Steel estimate; exact self-tapping screw grade and supplier not verified,0.22113560886170597,0.35,Simplified fastener envelope x steel density 7.85,28.170141256268277,"[24.204394727085763, -14.896343120423833, 154.5368909628336]",True,False,False
S288_neck_pitch_OUT_-1_M2x5_5,AXIS_neck_pitch,Steel estimate; exact self-tapping screw grade and supplier not verified,0.22113557285975052,0.35,Simplified fastener envelope x steel density 7.85,28.170136670031912,"[20.829759085127534, -14.896346469127462, 150.51515808267044]",True,False,False
S288_neck_pitch_OUT_-1_WASHER_0,AXIS_neck_pitch,Steel estimate; exact self-tapping screw grade and supplier not verified,0.03567093662420341,0.35,Simplified fastener envelope x steel density 7.85,4.544068359771136,"[22.625365169460874, -15.750000111538524, 145.58177174274766]",True,False,False
S288_neck_pitch_OUT_-1_WASHER_1,AXIS_neck_pitch,Steel estimate; exact self-tapping screw grade and supplier not verified,0.035670932698856864,0.35,Simplified fastener envelope x steel density 7.85,4.544067859726989,"[27.795605969303534, -15.750000180089003, 144.67011728648203]",True,False,False
S288_neck_pitch_OUT_-1_WASHER_2,AXIS_neck_pitch,Steel estimate; exact self-tapping screw grade and supplier not verified,0.035670953338536524,0.35,Simplified fastener envelope x steel density 7.85,4.544070488985544,"[31.17024100356693, -15.749999265519902, 148.69185211277198]",True,False,False
S288_neck_pitch_OUT_-1_WASHER_3,AXIS_neck_pitch,Steel estimate; exact self-tapping screw grade and supplier not verified,0.03567102471629438,0.35,Simplified fastener envelope x steel density 7.85,4.544079581693552,"[29.3746359324965, -15.749997873550106, 153.6252382702805]",True,False,False
S288_neck_pitch_OUT_-1_WASHER_4,AXIS_neck_pitch,Steel estimate; exact self-tapping screw grade and supplier not verified,0.0356710075959755,0.35,Simplified fastener envelope x steel density 7.85,4.544077400761211,"[24.204394930109792, -15.749997746269857, 154.5368902660948]",True,False,False
S288_neck_pitch_OUT_-1_WASHER_5,AXIS_neck_pitch,Steel estimate; exact self-tapping screw grade and supplier not verified,0.035671004283827336,0.35,Simplified fastener envelope x steel density 7.85,4.544076978831508,"[20.829758724764847, -15.749998839178081, 150.51515767943783]",True,False,False
S288_neck_pitch_OUT_1_M2x5_0,AXIS_neck_pitch,Steel estimate; exact self-tapping screw grade and supplier not verified,0.22113566683026117,0.35,Simplified fastener envelope x steel density 7.85,28.170148640797606,"[22.625364095579442, 14.896345844475293, 145.58176350914525]",True,False,False
S288_neck_pitch_OUT_1_M2x5_1,AXIS_neck_pitch,Steel estimate; exact self-tapping screw grade and supplier not verified,0.22113560534255036,0.35,Simplified fastener envelope x steel density 7.85,28.1701408079682,"[27.795605252023858, 14.896344918227129, 144.6701097283917]",True,False,False
S288_neck_pitch_OUT_1_M2x5_2,AXIS_neck_pitch,Steel estimate; exact self-tapping screw grade and supplier not verified,0.22113560821224656,0.35,Simplified fastener envelope x steel density 7.85,28.170141173534592,"[31.17024107433888, 14.89634828951308, 148.69184248763216]",True,False,False
S288_neck_pitch_OUT_1_M2x5_3,AXIS_neck_pitch,Steel estimate; exact self-tapping screw grade and supplier not verified,0.22113540484369598,0.35,Simplified fastener envelope x steel density 7.85,28.170115266712866,"[29.374635041685007, 14.89634920503258, 153.6252306431402]",True,False,False
S288_neck_pitch_OUT_1_M2x5_4,AXIS_neck_pitch,Steel estimate; exact self-tapping screw grade and supplier not verified,0.2211353869821932,0.35,Simplified fastener envelope x steel density 7.85,28.170112991362192,"[24.204394322403385, 14.896348443560798, 154.53688301673694]",True,False,False
S288_neck_pitch_OUT_1_M2x5_5,AXIS_neck_pitch,Steel estimate; exact self-tapping screw grade and supplier not verified,0.22113537571819367,0.35,Simplified fastener envelope x steel density 7.85,28.170111556457794,"[20.82975855711659, 14.896347664691985, 150.51515009734575]",True,False,False
S288_neck_pitch_OUT_1_WASHER_0,AXIS_neck_pitch,Steel estimate; exact self-tapping screw grade and supplier not verified,0.035671024559797926,0.35,Simplified fastener envelope x steel density 7.85,4.544079561757698,"[22.625364060463795, 15.749999766956229, 145.58176246278248]",True,False,False
S288_neck_pitch_OUT_1_WASHER_1,AXIS_neck_pitch,Steel estimate; exact self-tapping screw grade and supplier not verified,0.03567100764813039,0.35,Simplified fastener envelope x steel density 7.85,4.544077407405145,"[27.79560508288952, 15.749999618204313, 144.67011045889012]",True,False,False
S288_neck_pitch_OUT_1_WASHER_2,AXIS_neck_pitch,Steel estimate; exact self-tapping screw grade and supplier not verified,0.03567101434802822,0.35,Simplified fastener envelope x steel density 7.85,4.544078260895314,"[31.170241338594977, 15.750000758039196, 148.69184415125264]",True,False,False
S288_neck_pitch_OUT_1_WASHER_3,AXIS_neck_pitch,Steel estimate; exact self-tapping screw grade and supplier not verified,0.03567093748832621,0.35,Simplified fastener envelope x steel density 7.85,4.5440684698504725,"[29.37463481004024, 15.750002011451521, 153.62522900649302]",True,False,False
S288_neck_pitch_OUT_1_WASHER_4,AXIS_neck_pitch,Steel estimate; exact self-tapping screw grade and supplier not verified,0.035670935204695726,0.35,Simplified fastener envelope x steel density 7.85,4.544068178942131,"[24.204393956938638, 15.750002070149135, 154.53688348082574]",True,False,False
S288_neck_pitch_OUT_1_WASHER_5,AXIS_neck_pitch,Steel estimate; exact self-tapping screw grade and supplier not verified,0.03567094556752867,0.35,Simplified fastener envelope x steel density 7.85,4.544069499048239,"[20.829758640199334, 15.750001106882797, 150.51514965055924]",True,False,False
S288_right_ankle_16x22x4_BEARING,BODY_leg_2,Steel estimate; hardware grade not verified,5.606779030362088,0.35,CAD volume x assumed solid density; not sliced or weighed,714.2393669251069,"[-64.98384525270473, -27.348230508045948, 25.226272163527593]",True,False,False
S288_right_ankle_CASE,BODY_leg_2,"OEM S288 mixed assembly; case plus motor, gears, circuit and both disks",19.5,0.05,Official whole-actuator mass,14385.431450080643,"[-68.52177704256107, -43.453964307453276, 31.11359921714586]",True,False,False
S288_right_ankle_DIRECT_CASE_-1_0_M2x5,,Steel estimate; exact self-tapping screw grade and supplier not verified,0.22113549688412157,0.25,Simplified fastener envelope x steel density 7.85,28.170126991607845,"[-82.02413669291452, -30.60309598667346, 41.734985263952765]",True,,False
S288_right_ankle_DIRECT_CASE_-1_0_M2x5_WASHER,,Steel estimate; exact self-tapping screw grade and supplier not verified,0.03567098324253865,0.25,Simplified fastener envelope x steel density 7.85,4.544074298412568,"[-82.02413665270419, -29.752690825120073, 41.80938585773819]",True,,False
S288_right_ankle_DIRECT_CASE_-1_1_M2x5,,Steel estimate; exact self-tapping screw grade and supplier not verified,0.2211355135238058,0.25,Simplified fastener envelope x steel density 7.85,28.170129111312843,"[-67.63781281662092, -31.213397624895787, 48.71074442585896]",True,,False
S288_right_ankle_DIRECT_CASE_-1_1_M2x5_WASHER,,Steel estimate; exact self-tapping screw grade and supplier not verified,0.035670971951632297,0.25,Simplified fastener envelope x steel density 7.85,4.544072860080547,"[-67.63781207080461, -30.362992249842076, 48.78514550802763]",True,,False
S288_right_ankle_DISC_-1,CTRL_right_ankle,"OEM S288 output disk, included in actuator mass",0,0,Included in corresponding case whole-unit mass,420.28181679658354,"[-64.98384296084649, -32.030348346364136, 24.816647315531963]",True,False,False
S288_right_ankle_DISC_1,CTRL_right_ankle,"OEM S288 output disk, included in actuator mass",0,0,Included in corresponding case whole-unit mass,420.2818592176099,"[-64.98384638910963, -54.942826836218416, 22.81206812053409]",True,False,False
S288_right_ankle_OUT_-1_M2x5_0,CTRL_right_ankle,Steel estimate; exact self-tapping screw grade and supplier not verified,0.22113548824343657,0.35,Simplified fastener envelope x steel density 7.85,28.17012589088364,"[-59.746926582070415, -28.614642503104953, 24.743646713979963]",True,False,False
S288_right_ankle_OUT_-1_M2x5_1,CTRL_right_ankle,Steel estimate; exact self-tapping screw grade and supplier not verified,0.2211354383061674,0.35,Simplified fastener envelope x steel density 7.85,28.170119529448073,"[-62.68617810967493, -28.23550694201633, 20.410108357615645]",True,False,False
S288_right_ankle_OUT_-1_M2x5_2,CTRL_right_ankle,Steel estimate; exact self-tapping screw grade and supplier not verified,0.22113547018260976,0.35,Simplified fastener envelope x steel density 7.85,28.170123590141372,"[-67.92309402752099, -28.26779089219341, 20.779119553652414]",True,False,False
S288_right_ankle_OUT_-1_M2x5_3,CTRL_right_ankle,Steel estimate; exact self-tapping screw grade and supplier not verified,0.221135497385896,0.35,Simplified fastener envelope x steel density 7.85,28.170127055528155,"[-70.22075812797439, -28.679209248268695, 25.481669219031094]",True,False,False
S288_right_ankle_OUT_-1_M2x5_4,CTRL_right_ankle,Steel estimate; exact self-tapping screw grade and supplier not verified,0.22113552534796443,0.35,Simplified fastener envelope x steel density 7.85,28.170130617575087,"[-67.28150651084323, -29.058344511259584, 29.815207730078292]",True,False,False
S288_right_ankle_OUT_-1_M2x5_5,CTRL_right_ankle,Steel estimate; exact self-tapping screw grade and supplier not verified,0.22113550677139857,0.35,Simplified fastener envelope x steel density 7.85,28.170128251133576,"[-62.0445905581741, -29.026060800227388, 29.4461965603585]",True,False,False
S288_right_ankle_OUT_-1_WASHER_0,CTRL_right_ankle,Steel estimate; exact self-tapping screw grade and supplier not verified,0.035670970143274014,0.35,Simplified fastener envelope x steel density 7.85,4.544072629716434,"[-59.74692660006534, -27.764237347839455, 24.818047813027228]",True,False,False
S288_right_ankle_OUT_-1_WASHER_1,CTRL_right_ankle,Steel estimate; exact self-tapping screw grade and supplier not verified,0.03567098874635446,0.35,Simplified fastener envelope x steel density 7.85,4.5440749995356,"[-62.68617783403502, -27.38510182960324, 20.484509047039083]",True,False,False
S288_right_ankle_OUT_-1_WASHER_2,CTRL_right_ankle,Steel estimate; exact self-tapping screw grade and supplier not verified,0.03567099412720765,0.35,Simplified fastener envelope x steel density 7.85,4.544075684994605,"[-67.92309413528909, -27.417385291952552, 20.853520481498247]",True,False,False
S288_right_ankle_OUT_-1_WASHER_3,CTRL_right_ankle,Steel estimate; exact self-tapping screw grade and supplier not verified,0.03567099883581054,0.35,Simplified fastener envelope x steel density 7.85,4.54407628481663,"[-70.22075785982128, -27.828804096524827, 25.55607033159665]",True,False,False
S288_right_ankle_OUT_-1_WASHER_4,CTRL_right_ankle,Steel estimate; exact self-tapping screw grade and supplier not verified,0.03567098644331687,0.35,Simplified fastener envelope x steel density 7.85,4.5440747061550155,"[-67.28150672532584, -28.20793958457145, 29.88960868460814]",True,False,False
S288_right_ankle_OUT_-1_WASHER_5,CTRL_right_ankle,Steel estimate; exact self-tapping screw grade and supplier not verified,0.0356709753862901,0.35,Simplified fastener envelope x steel density 7.85,4.544073297616573,"[-62.04459069309734, -28.17565610766205, 29.520597268630056]",True,False,False
S288_right_ankle_OUT_1_M2x5_0,CTRL_right_ankle,Steel estimate; exact self-tapping screw grade and supplier not verified,0.22113546995904168,0.35,Simplified fastener envelope x steel density 7.85,28.17012356166136,"[-59.7469314551689, -58.29396559629668, 22.14704619943622]",True,False,False
S288_right_ankle_OUT_1_M2x5_1,CTRL_right_ankle,Steel estimate; exact self-tapping screw grade and supplier not verified,0.22113553216109103,0.35,Simplified fastener envelope x steel density 7.85,28.170131485489303,"[-62.68618301017173, -57.91483062017956, 17.813507663425046]",True,False,False
S288_right_ankle_OUT_1_M2x5_2,CTRL_right_ankle,Steel estimate; exact self-tapping screw grade and supplier not verified,0.22113553242595357,0.35,Simplified fastener envelope x steel density 7.85,28.170131519229756,"[-67.92309906926654, -57.94711439995988, 18.182518898634722]",True,False,False
S288_right_ankle_OUT_1_M2x5_3,CTRL_right_ankle,Steel estimate; exact self-tapping screw grade and supplier not verified,0.22113551158705413,0.35,Simplified fastener envelope x steel density 7.85,28.170128864592886,"[-70.22076307096094, -58.358532691169664, 22.885068759581085]",True,False,False
S288_right_ankle_OUT_1_M2x5_4,CTRL_right_ankle,Steel estimate; exact self-tapping screw grade and supplier not verified,0.22113545819021935,0.35,Simplified fastener envelope x steel density 7.85,28.170122062448325,"[-67.28151144061205, -58.73766827711553, 27.218607041998645]",True,False,False
S288_right_ankle_OUT_1_M2x5_5,CTRL_right_ankle,Steel estimate; exact self-tapping screw grade and supplier not verified,0.2211354602048722,0.35,Simplified fastener envelope x steel density 7.85,28.170122319092002,"[-62.04459555664947, -58.705384146335525, 26.84959585461448]",True,False,False
S288_right_ankle_OUT_1_WASHER_0,CTRL_right_ankle,Steel estimate; exact self-tapping screw grade and supplier not verified,0.03567096028434014,0.35,Simplified fastener envelope x steel density 7.85,4.544071373801292,"[-59.74693150447509, -59.144370936859296, 22.072645649618575]",True,False,False
S288_right_ankle_OUT_1_WASHER_1,CTRL_right_ankle,Steel estimate; exact self-tapping screw grade and supplier not verified,0.035670988969403974,0.35,Simplified fastener envelope x steel density 7.85,4.5440750279495505,"[-62.68618327790503, -58.76523546843526, 17.739107412573073]",True,False,False
S288_right_ankle_OUT_1_WASHER_2,CTRL_right_ankle,Steel estimate; exact self-tapping screw grade and supplier not verified,0.03567099871744563,0.35,Simplified fastener envelope x steel density 7.85,4.544076269738298,"[-67.92309919535424, -58.7975190581282, 18.108118924671494]",True,False,False
S288_right_ankle_OUT_1_WASHER_3,CTRL_right_ankle,Steel estimate; exact self-tapping screw grade and supplier not verified,0.03567100539280593,0.35,Simplified fastener envelope x steel density 7.85,4.544077120102666,"[-70.22076319254623, -59.20893784015186, 22.810668388653074]",True,False,False
S288_right_ankle_OUT_1_WASHER_4,CTRL_right_ankle,Steel estimate; exact self-tapping screw grade and supplier not verified,0.03567099973501775,0.35,Simplified fastener envelope x steel density 7.85,4.544076399365319,"[-67.28151193149283, -59.588073248364715, 27.144207350387866]",True,False,False
S288_right_ankle_OUT_1_WASHER_5,CTRL_right_ankle,Steel estimate; exact self-tapping screw grade and supplier not verified,0.03567097668388304,0.35,Simplified fastener envelope x steel density 7.85,4.544073462915037,"[-62.04459569196501, -59.55578971683176, 26.77519570809479]",True,False,False
S288_right_hip_pitch_CASE,BODY_upper_leg_right,"OEM S288 mixed assembly; case plus motor, gears, circuit and both disks",19.5,0.05,Official whole-actuator mass,14385.430731126246,"[-68.25106336214287, -55.21194344174504, 92.79519118686208]",True,False,False
S288_right_hip_pitch_DIRECT_CASE_1_0_M2x5,,Steel estimate; exact self-tapping screw grade and supplier not verified,0.22113545969620424,0.25,Simplified fastener envelope x steel density 7.85,28.170122254293535,"[-84.71857490346586, -43.26278624237096, 94.64629645620788]",True,,False
S288_right_hip_pitch_DIRECT_CASE_1_0_M2x5_WASHER,,Steel estimate; exact self-tapping screw grade and supplier not verified,0.03567098555135815,0.25,Simplified fastener envelope x steel density 7.85,4.544074592529701,"[-84.7185750642095, -42.41238119169095, 94.72069799259866]",True,,False
S288_right_hip_pitch_DIRECT_CASE_1_1_M2x5,,Steel estimate; exact self-tapping screw grade and supplier not verified,0.2211354853895734,0.25,Simplified fastener envelope x steel density 7.85,28.170125527334193,"[-57.80940372409201, -44.41870927002405, 107.85842896888704]",True,,False
S288_right_hip_pitch_DIRECT_CASE_1_1_M2x5_WASHER,,Steel estimate; exact self-tapping screw grade and supplier not verified,0.03567101809410815,0.25,Simplified fastener envelope x steel density 7.85,4.544078738102949,"[-57.80940358465549, -43.568304340710675, 107.9328303200203]",True,,False
S288_right_hip_pitch_DIRECT_CASE_1_2_M2x5,,Steel estimate; exact self-tapping screw grade and supplier not verified,0.22113552225586955,0.25,Simplified fastener envelope x steel density 7.85,28.17013022367765,"[-77.64518766494815, -42.01196824585598, 80.34935113980939]",True,,False
S288_right_hip_pitch_DIRECT_CASE_1_2_M2x5_WASHER,,Steel estimate; exact self-tapping screw grade and supplier not verified,0.03567097760822661,0.25,Simplified fastener envelope x steel density 7.85,4.54407358066581,"[-77.64518737019664, -41.16156316031794, 80.4237515119497]",True,,False
S288_right_hip_pitch_DIRECT_CASE_1_3_M2x5,,Steel estimate; exact self-tapping screw grade and supplier not verified,0.2211354803680931,0.25,Simplified fastener envelope x steel density 7.85,28.170124887655174,"[-50.73601686279936, -43.16789073361075, 93.56148379979018]",True,,False
S288_right_hip_pitch_DIRECT_CASE_1_3_M2x5_WASHER,,Steel estimate; exact self-tapping screw grade and supplier not verified,0.0356709803388664,0.25,Simplified fastener envelope x steel density 7.85,4.544073928518013,"[-50.736016312292165, -42.317486049762024, 93.63588452849599]",True,,False
S288_right_hip_pitch_DISC_-1,AXIS_right_hip_pitch,"OEM S288 output disk, included in actuator mass",0,0,Included in corresponding case whole-unit mass,420.28178685544714,"[-61.00001190213165, -66.31353898661541, 95.41137415929991]",True,False,False
S288_right_hip_pitch_DISC_1,AXIS_right_hip_pitch,"OEM S288 output disk, included in actuator mass",0,0,Included in corresponding case whole-unit mass,420.2817833880383,"[-61.00000278526805, -43.401060703217176, 97.41595779496468]",True,False,False
S288_right_hip_pitch_OUT_1_M2x5_0,AXIS_right_hip_pitch,Steel estimate; exact self-tapping screw grade and supplier not verified,0.22113546550445892,0.35,Simplified fastener envelope x steel density 7.85,28.17012299419859,"[-56.635443083123974, -39.763342939578095, 94.80534417100444]",True,False,False
S288_right_hip_pitch_OUT_1_M2x5_1,AXIS_right_hip_pitch,Steel estimate; exact self-tapping screw grade and supplier not verified,0.2211355456609046,0.35,Simplified fastener envelope x steel density 7.85,28.170133205210778,"[-56.29089707898143, -40.219924114027165, 100.02409166120259]",True,False,False
S288_right_hip_pitch_OUT_1_M2x5_2,AXIS_right_hip_pitch,Steel estimate; exact self-tapping screw grade and supplier not verified,0.22113546958855818,0.35,Simplified fastener envelope x steel density 7.85,28.170123514466013,"[-60.65545553906752, -40.474219052175236, 102.93071585301858]",True,False,False
S288_right_hip_pitch_OUT_1_M2x5_3,AXIS_right_hip_pitch,Steel estimate; exact self-tapping screw grade and supplier not verified,0.22113555648137462,0.35,Simplified fastener envelope x steel density 7.85,28.1701345836146,"[-65.36456030022738, -40.271933090779925, 100.61859254100314]",True,False,False
S288_right_hip_pitch_OUT_1_M2x5_4,AXIS_right_hip_pitch,Steel estimate; exact self-tapping screw grade and supplier not verified,0.22113549775795374,0.35,Simplified fastener envelope x steel density 7.85,28.170127102924045,"[-65.70910671031521, -39.81535121371728, 95.39984536968461]",True,False,False
S288_right_hip_pitch_OUT_1_M2x5_5,AXIS_right_hip_pitch,Steel estimate; exact self-tapping screw grade and supplier not verified,0.22113547921389629,0.35,Simplified fastener envelope x steel density 7.85,28.17012474062373,"[-61.344548180737895, -39.56105623313307, 92.49322128749664]",True,False,False
S288_right_hip_pitch_OUT_1_WASHER_0,AXIS_right_hip_pitch,Steel estimate; exact self-tapping screw grade and supplier not verified,0.03567097987858157,0.35,Simplified fastener envelope x steel density 7.85,4.544073869883003,"[-56.635442849495774, -38.912937937935475, 94.87974569798558]",True,False,False
S288_right_hip_pitch_OUT_1_WASHER_1,AXIS_right_hip_pitch,Steel estimate; exact self-tapping screw grade and supplier not verified,0.035670983211594544,0.35,Simplified fastener envelope x steel density 7.85,4.544074294470643,"[-56.29089708781001, -39.3695192711588, 100.09849282297668]",True,False,False
S288_right_hip_pitch_OUT_1_WASHER_2,AXIS_right_hip_pitch,Steel estimate; exact self-tapping screw grade and supplier not verified,0.03567098103595988,0.35,Simplified fastener envelope x steel density 7.85,4.54407401731973,"[-60.6554549915615, -39.62381436732275, 103.00511689412261]",True,False,False
S288_right_hip_pitch_OUT_1_WASHER_3,AXIS_right_hip_pitch,Steel estimate; exact self-tapping screw grade and supplier not verified,0.0356709766787753,0.35,Simplified fastener envelope x steel density 7.85,4.544073462264369,"[-65.36455953284033, -39.42152791245458, 100.69299333177877]",True,False,False
S288_right_hip_pitch_OUT_1_WASHER_4,AXIS_right_hip_pitch,Steel estimate; exact self-tapping screw grade and supplier not verified,0.03567098112191094,0.35,Simplified fastener envelope x steel density 7.85,4.544074028268909,"[-65.70910657845221, -38.964946545343906, 95.47424601485126]",True,False,False
S288_right_hip_pitch_OUT_1_WASHER_5,AXIS_right_hip_pitch,Steel estimate; exact self-tapping screw grade and supplier not verified,0.03567098216403516,0.35,Simplified fastener envelope x steel density 7.85,4.5440741610235875,"[-61.3445475092032, -38.710651440940666, 92.56762179096725]",True,False,False
S288_right_hip_roll_CASE,BODY_bearing_roll,"OEM S288 mixed assembly; case plus motor, gears, circuit and both disks",19.5,0.05,Official whole-actuator mass,14385.430902339443,"[-59.668663455165195, -17.50000283742087, 91.59808259092524]",True,False,False
S288_right_hip_roll_DIRECT_CASE_-1_0_M2x5,,Steel estimate; exact self-tapping screw grade and supplier not verified,0.22113539821480543,0.25,Simplified fastener envelope x steel density 7.85,28.17011442226821,"[-70.39634248868467, -9.500003605644084, 107.18200626996666]",True,,False
S288_right_hip_roll_DIRECT_CASE_-1_0_M2x5_WASHER,,Steel estimate; exact self-tapping screw grade and supplier not verified,0.0356709723002894,0.25,Simplified fastener envelope x steel density 7.85,4.544072904495465,"[-71.24999618475192, -9.500003494497145, 107.18200666623609]",True,,False
S288_right_hip_roll_DIRECT_CASE_-1_1_M2x5,,Steel estimate; exact self-tapping screw grade and supplier not verified,0.22113570141143105,0.25,Simplified fastener envelope x steel density 7.85,28.170153046042174,"[-70.3963450228313, -25.500003542830072, 107.1820053085684]",True,,False
S288_right_hip_roll_DIRECT_CASE_-1_1_M2x5_WASHER,,Steel estimate; exact self-tapping screw grade and supplier not verified,0.03567099055248767,0.25,Simplified fastener envelope x steel density 7.85,4.544075229616264,"[-71.24999617717299, -25.500003521802096, 107.18200520948992]",True,,False
S288_right_hip_roll_DISC_-1,CTRL_right_hip_roll,"OEM S288 output disk, included in actuator mass",0,0,Included in corresponding case whole-unit mass,420.2817587473367,"[-70.49999618068887, -17.50000318879182, 99.68200552707528]",True,False,False
S288_right_hip_roll_DISC_1,CTRL_right_hip_roll,"OEM S288 output disk, included in actuator mass",0,0,Included in corresponding case whole-unit mass,420.28175533069196,"[-47.49999618237729, -17.500004263432288, 99.68200800280157]",True,False,False
S288_right_hip_roll_OUT_1_M2x5_0,CTRL_right_hip_roll,Steel estimate; exact self-tapping screw grade and supplier not verified,0.2211354169359,0.35,Simplified fastener envelope x steel density 7.85,28.17011680712102,"[-44.103650514454316, -22.046638464152764, 102.30700802072037]",True,False,False
S288_right_hip_roll_OUT_1_M2x5_1,CTRL_right_hip_roll,Steel estimate; exact self-tapping screw grade and supplier not verified,0.22113543697525706,0.35,Simplified fastener envelope x steel density 7.85,28.170119359905357,"[-44.103650518737794, -17.500005389235998, 104.93200819960983]",True,False,False
S288_right_hip_roll_OUT_1_M2x5_2,CTRL_right_hip_roll,Steel estimate; exact self-tapping screw grade and supplier not verified,0.22113546287275887,0.35,Simplified fastener envelope x steel density 7.85,28.170122658950174,"[-44.103649774520115, -12.953371735485257, 102.307008224312]",True,False,False
S288_right_hip_roll_OUT_1_M2x5_3,CTRL_right_hip_roll,Steel estimate; exact self-tapping screw grade and supplier not verified,0.22113555472394292,0.35,Simplified fastener envelope x steel density 7.85,28.170134359737954,"[-44.10364886862959, -12.953371362952403, 97.05700833729605]",True,False,False
S288_right_hip_roll_OUT_1_M2x5_4,CTRL_right_hip_roll,Steel estimate; exact self-tapping screw grade and supplier not verified,0.2211355983436015,0.35,Simplified fastener envelope x steel density 7.85,28.170139916382357,"[-44.1036489738259, -17.500004490051197, 94.43200820229822]",True,False,False
S288_right_hip_roll_OUT_1_M2x5_5,CTRL_right_hip_roll,Steel estimate; exact self-tapping screw grade and supplier not verified,0.22113541500548292,0.35,Simplified fastener envelope x steel density 7.85,28.170116561208015,"[-44.10365044064281, -22.046637994763408, 97.05700796484582]",True,False,False
S288_right_hip_roll_OUT_1_WASHER_0,CTRL_right_hip_roll,Steel estimate; exact self-tapping screw grade and supplier not verified,0.03567100165460506,0.35,Simplified fastener envelope x steel density 7.85,4.544076643898734,"[-43.24999618494991, -22.046638613625884, 102.30700781629042]",True,False,False
S288_right_hip_roll_OUT_1_WASHER_1,CTRL_right_hip_roll,Steel estimate; exact self-tapping screw grade and supplier not verified,0.0356709955656113,0.35,Simplified fastener envelope x steel density 7.85,4.544075868230739,"[-43.24999618287421, -17.500005508696546, 104.9320085198244]",True,False,False
S288_right_hip_roll_OUT_1_WASHER_2,CTRL_right_hip_roll,Steel estimate; exact self-tapping screw grade and supplier not verified,0.035670988954736325,0.35,Simplified fastener envelope x steel density 7.85,4.54407502608106,"[-43.24999618208196, -12.953372048839903, 102.30700856170624]",True,False,False
S288_right_hip_roll_OUT_1_WASHER_3,CTRL_right_hip_roll,Steel estimate; exact self-tapping screw grade and supplier not verified,0.035670987710615505,0.35,Simplified fastener envelope x steel density 7.85,4.5440748675943325,"[-43.24999618427073, -12.953371598024829, 97.05700867239567]",True,False,False
S288_right_hip_roll_OUT_1_WASHER_4,CTRL_right_hip_roll,Steel estimate; exact self-tapping screw grade and supplier not verified,0.03567099598702449,0.35,Simplified fastener envelope x steel density 7.85,4.544075921913948,"[-43.249996184849465, -17.500004572801085, 94.43200849630523]",True,False,False
S288_right_hip_roll_OUT_1_WASHER_5,CTRL_right_hip_roll,Steel estimate; exact self-tapping screw grade and supplier not verified,0.0356710023403716,0.35,Simplified fastener envelope x steel density 7.85,4.544076731257529,"[-43.24999618399738, -22.04663824782377, 97.05700791172215]",True,False,False
S288_right_hip_yaw_CASE,V12_Hip_Module,"OEM S288 mixed assembly; case plus motor, gears, circuit and both disks",19.5,0.05,Official whole-actuator mass,14385.430631782066,"[-67.08392409135571, -17.50000328378651, 129.35065938254343]",True,False,False
S288_right_hip_yaw_DIRECT_CASE_-1_0_M2x8,,Steel estimate; exact self-tapping screw grade and supplier not verified,0.29500135706688296,0.25,Simplified fastener envelope x steel density 7.85,37.579790709157066,"[-81.49999976873511, -25.500002778575997, 144.72714348869428]",True,,False
S288_right_hip_yaw_DIRECT_CASE_-1_0_M2x8_WASHER,,Steel estimate; exact self-tapping screw grade and supplier not verified,0.03567099084169604,0.25,Simplified fastener envelope x steel density 7.85,4.544075266458094,"[-81.49999937948213, -25.500002868128465, 146.9319915737248]",True,,False
S288_right_hip_yaw_DIRECT_CASE_-1_1_M2x12,,Steel estimate; exact self-tapping screw grade and supplier not verified,0.3934890865290994,0.25,Simplified fastener envelope x steel density 7.85,50.125998283961714,"[-51.49999960205538, -25.500004168434863, 143.8386432972818]",True,,False
S288_right_hip_yaw_DIRECT_CASE_-1_1_M2x12_WASHER,,Steel estimate; exact self-tapping screw grade and supplier not verified,0.03567098519274965,0.25,Simplified fastener envelope x steel density 7.85,4.54407454684709,"[-51.499999556636766, -25.500004045063356, 147.93199157847414]",True,,False
S288_right_hip_yaw_DIRECT_CASE_1_0_M2x5,,Steel estimate; exact self-tapping screw grade and supplier not verified,0.22113511236581615,0.25,Simplified fastener envelope x steel density 7.85,28.170078008384223,"[-81.5000000594435, -9.500002839810675, 117.28564863216616]",True,,False
S288_right_hip_yaw_DIRECT_CASE_1_0_M2x5_WASHER,,Steel estimate; exact self-tapping screw grade and supplier not verified,0.03567099097065029,0.25,Simplified fastener envelope x steel density 7.85,4.544075282885387,"[-81.50000005755868, -9.500002763367545, 116.43199157714761]",True,,False
S288_right_hip_yaw_DIRECT_CASE_1_1_M2x5,,Steel estimate; exact self-tapping screw grade and supplier not verified,0.22113569135559347,0.25,Simplified fastener envelope x steel density 7.85,28.170151765043755,"[-51.50000004977957, -9.500004122161148, 117.28564260638694]",True,,False
S288_right_hip_yaw_DIRECT_CASE_1_1_M2x5_WASHER,,Steel estimate; exact self-tapping screw grade and supplier not verified,0.03567098801311999,0.25,Simplified fastener envelope x steel density 7.85,4.544074906129936,"[-51.500000021727104, -9.500004056501377, 116.4319915771488]",True,,False
S288_right_hip_yaw_DIRECT_CASE_1_2_M2x5,,Steel estimate; exact self-tapping screw grade and supplier not verified,0.22113513914583866,0.25,Simplified fastener envelope x steel density 7.85,28.170081419852057,"[-81.5000007120432, -25.500002800450876, 117.28564890121595]",True,,False
S288_right_hip_yaw_DIRECT_CASE_1_2_M2x5_WASHER,,Steel estimate; exact self-tapping screw grade and supplier not verified,0.03567098767572706,0.25,Simplified fastener envelope x steel density 7.85,4.544074863149945,"[-81.50000111215543, -25.500002748619853, 116.43199157714878]",True,,False
S288_right_hip_yaw_DIRECT_CASE_1_3_M2x5,,Steel estimate; exact self-tapping screw grade and supplier not verified,0.22113572485321611,0.25,Simplified fastener envelope x steel density 7.85,28.17015603225683,"[-51.50000077676388, -25.500004157650356, 117.28564275672402]",True,,False
S288_right_hip_yaw_DIRECT_CASE_1_3_M2x5_WASHER,,Steel estimate; exact self-tapping screw grade and supplier not verified,0.03567098808388467,0.25,Simplified fastener envelope x steel density 7.85,4.544074915144544,"[-51.50000117466097, -25.50000408054508, 116.43199157565212]",True,,False
S288_right_hip_yaw_DISC_-1,CTRL_right_hip_yaw,"OEM S288 output disk, included in actuator mass",0,0,Included in corresponding case whole-unit mass,420.2818119546682,"[-58.99999952642783, -17.500003872955983, 140.18199158036245]",True,False,False
S288_right_hip_yaw_DISC_1,CTRL_right_hip_yaw,"OEM S288 output disk, included in actuator mass",0,0,Included in corresponding case whole-unit mass,420.2818122818735,"[-59.0000004443354, -17.500003971151767, 117.18199157393443]",True,False,False
S288_right_hip_yaw_OUT_1_M2x5_0,CTRL_right_hip_yaw,Steel estimate; exact self-tapping screw grade and supplier not verified,0.2211357404217291,0.35,Simplified fastener envelope x steel density 7.85,28.17015801550689,"[-56.375000704434804, -22.046637244542755, 113.78564267854235]",True,False,False
S288_right_hip_yaw_OUT_1_M2x5_1,CTRL_right_hip_yaw,Steel estimate; exact self-tapping screw grade and supplier not verified,0.22113573514765186,0.35,Simplified fastener envelope x steel density 7.85,28.170157343649922,"[-53.75000046501881, -17.500004030543682, 113.7856429330048]",True,False,False
S288_right_hip_yaw_OUT_1_M2x5_2,CTRL_right_hip_yaw,Steel estimate; exact self-tapping screw grade and supplier not verified,0.22113569439518527,0.35,Simplified fastener envelope x steel density 7.85,28.1701521522529,"[-56.37500031575085, -12.953370556255361, 113.78564261503286]",True,False,False
S288_right_hip_yaw_OUT_1_M2x5_3,CTRL_right_hip_yaw,Steel estimate; exact self-tapping screw grade and supplier not verified,0.221135704532584,0.35,Simplified fastener envelope x steel density 7.85,28.170153443641272,"[-61.6250003275369, -12.95337030479348, 113.78564259612996]",True,False,False
S288_right_hip_yaw_OUT_1_M2x5_4,CTRL_right_hip_yaw,Steel estimate; exact self-tapping screw grade and supplier not verified,0.2211357282375391,0.35,Simplified fastener envelope x steel density 7.85,28.170156463380778,"[-64.2500005273802, -17.500003540682773, 113.78564298780347]",True,False,False
S288_right_hip_yaw_OUT_1_M2x5_5,CTRL_right_hip_yaw,Steel estimate; exact self-tapping screw grade and supplier not verified,0.2211357462673369,0.35,Simplified fastener envelope x steel density 7.85,28.170158760170306,"[-61.62500072123179, -22.04663711576011, 113.78564289080037]",True,False,False
S288_right_hip_yaw_OUT_1_WASHER_0,CTRL_right_hip_yaw,Steel estimate; exact self-tapping screw grade and supplier not verified,0.03567098918452466,0.35,Simplified fastener envelope x steel density 7.85,4.54407505535346,"[-56.37500111931182, -22.046637142214067, 112.9319915771473]",True,False,False
S288_right_hip_yaw_OUT_1_WASHER_1,CTRL_right_hip_yaw,Steel estimate; exact self-tapping screw grade and supplier not verified,0.03567098605253272,0.35,Simplified fastener envelope x steel density 7.85,4.544074656373596,"[-53.750001135751525, -17.5000041246019, 112.93199157891412]",True,False,False
S288_right_hip_yaw_OUT_1_WASHER_2,CTRL_right_hip_yaw,Steel estimate; exact self-tapping screw grade and supplier not verified,0.035670988963120584,0.35,Simplified fastener envelope x steel density 7.85,4.54407502714912,"[-56.375000647755364, -12.953370519155401, 112.9319915771485]",True,False,False
S288_right_hip_yaw_OUT_1_WASHER_3,CTRL_right_hip_yaw,Steel estimate; exact self-tapping screw grade and supplier not verified,0.03567099049542153,0.35,Simplified fastener envelope x steel density 7.85,4.544075222346692,"[-61.62500063013044, -12.953370308216, 112.93199157714865]",True,False,False
S288_right_hip_yaw_OUT_1_WASHER_4,CTRL_right_hip_yaw,Steel estimate; exact self-tapping screw grade and supplier not verified,0.035670990051875635,0.35,Simplified fastener envelope x steel density 7.85,4.54407516584403,"[-64.25000094812432, -17.500003720282134, 112.93199157891404]",True,False,False
S288_right_hip_yaw_OUT_1_WASHER_5,CTRL_right_hip_yaw,Steel estimate; exact self-tapping screw grade and supplier not verified,0.035670987159410285,0.35,Simplified fastener envelope x steel density 7.85,4.544074797377107,"[-61.62500109778185, -22.046636861409546, 112.93199157714841]",True,False,False
S288_right_knee_CASE,BODY_upper_leg_right,"OEM S288 mixed assembly; case plus motor, gears, circuit and both disks",19.5,0.05,Official whole-actuator mass,14385.430838344537,"[-86.93895806975254, -53.05700843227548, 68.16415582402833]",True,False,False
S288_right_knee_DIRECT_CASE_1_0_M2x5,,Steel estimate; exact self-tapping screw grade and supplier not verified,0.22113560078919312,0.25,Simplified fastener envelope x steel density 7.85,28.17014022792269,"[-86.13633526388152, -42.47314374975436, 85.62054171177927]",True,,False
S288_right_knee_DIRECT_CASE_1_0_M2x5_WASHER,,Steel estimate; exact self-tapping screw grade and supplier not verified,0.035671000537865205,0.25,Simplified fastener envelope x steel density 7.85,4.544076501638879,"[-86.13633449139998, -41.62273835209311, 85.69494256799773]",True,,False
S288_right_knee_DIRECT_CASE_1_1_M2x5,,Steel estimate; exact self-tapping screw grade and supplier not verified,0.22113552559494917,0.25,Simplified fastener envelope x steel density 7.85,28.17013064903811,"[-72.8737298289812, -40.127857655473576, 58.81377061760645]",True,,False
S288_right_knee_DIRECT_CASE_1_1_M2x5_WASHER,,Steel estimate; exact self-tapping screw grade and supplier not verified,0.035670990284584266,0.25,Simplified fastener envelope x steel density 7.85,4.544075195488442,"[-72.87372945276184, -39.2774529691741, 58.88817154365221]",True,,False
S288_right_knee_DIRECT_CASE_1_2_M2x5,,Steel estimate; exact self-tapping screw grade and supplier not verified,0.221135461743971,0.25,Simplified fastener envelope x steel density 7.85,28.170122515155544,"[-100.48789197375051, -41.85665403460522, 78.57406871494797]",True,,False
S288_right_knee_DIRECT_CASE_1_2_M2x5_WASHER,,Steel estimate; exact self-tapping screw grade and supplier not verified,0.03567099393724125,0.25,Simplified fastener envelope x steel density 7.85,4.544075660795063,"[-100.48789183629255, -41.00624894727976, 78.64846949700944]",True,,False
S288_right_knee_DIRECT_CASE_1_3_M2x5,,Steel estimate; exact self-tapping screw grade and supplier not verified,0.2211355260927732,0.25,Simplified fastener envelope x steel density 7.85,28.170130712455187,"[-87.22528630649734, -39.51136766832652, 51.76729759062723]",True,,False
S288_right_knee_DIRECT_CASE_1_3_M2x5_WASHER,,Steel estimate; exact self-tapping screw grade and supplier not verified,0.03567099556472399,0.25,Simplified fastener envelope x steel density 7.85,4.544075868117706,"[-87.22528613408139, -38.66096362811756, 51.84169799085646]",True,,False
S288_right_knee_DISC_-1,CTRL_right_knee,"OEM S288 output disk, included in actuator mass",0,0,Included in corresponding case whole-unit mass,420.2818210270305,"[-83.3651639296196, -63.21515428127297, 59.99667889247091]",True,False,False
S288_right_knee_DISC_1,CTRL_right_knee,"OEM S288 output disk, included in actuator mass",0,0,Included in corresponding case whole-unit mass,420.2818411944548,"[-83.36515931066123, -40.302675523662955, 62.00126057799936]",True,False,False
S288_right_knee_OUT_1_M2x5_0,CTRL_right_knee,Steel estimate; exact self-tapping screw grade and supplier not verified,0.22113557074999257,0.35,Simplified fastener envelope x steel density 7.85,28.17013640127294,"[-86.28288526574102, -36.538856091076795, 57.9493214229842]",True,False,False
S288_right_knee_OUT_1_M2x5_1,CTRL_right_knee,Steel estimate; exact self-tapping screw grade and supplier not verified,0.2211354760920645,0.35,Simplified fastener envelope x steel density 7.85,28.170124342938152,"[-81.04420289966325, -36.508827987072145, 57.60608686284223]",True,False,False
S288_right_knee_OUT_1_M2x5_2,CTRL_right_knee,Steel estimate; exact self-tapping screw grade and supplier not verified,0.22113549158195436,0.35,Simplified fastener envelope x steel density 7.85,28.17012631617253,"[-78.12647657993301, -36.88922512029378, 61.95403764493667]",True,False,False
S288_right_knee_OUT_1_M2x5_3,CTRL_right_knee,Steel estimate; exact self-tapping screw grade and supplier not verified,0.22113555634786175,0.35,Simplified fastener envelope x steel density 7.85,28.170134566606595,"[-80.44743297309171, -37.29965090728126, 66.64522248037004]",True,False,False
S288_right_knee_OUT_1_M2x5_4,CTRL_right_knee,Steel estimate; exact self-tapping screw grade and supplier not verified,0.22113549750796418,0.35,Simplified fastener envelope x steel density 7.85,28.17012707107824,"[-85.68611457487538, -37.329677504586996, 66.98845672265102]",True,False,False
S288_right_knee_OUT_1_M2x5_5,CTRL_right_knee,Steel estimate; exact self-tapping screw grade and supplier not verified,0.2211355628719445,0.35,Simplified fastener envelope x steel density 7.85,28.170135397699937,"[-88.60384106169649, -36.94928120659655, 62.64050633464256]",True,False,False
S288_right_knee_OUT_1_WASHER_0,CTRL_right_knee,Steel estimate; exact self-tapping screw grade and supplier not verified,0.035671002974829134,0.35,Simplified fastener envelope x steel density 7.85,4.544076812080145,"[-86.28288474208867, -35.68845110453153, 58.02372208357041]",True,False,False
S288_right_knee_OUT_1_WASHER_1,CTRL_right_knee,Steel estimate; exact self-tapping screw grade and supplier not verified,0.03567098538574656,0.35,Simplified fastener envelope x steel density 7.85,4.544074571432684,"[-81.04420300780174, -35.65842320600271, 57.680488018794634]",True,False,False
S288_right_knee_OUT_1_WASHER_2,CTRL_right_knee,Steel estimate; exact self-tapping screw grade and supplier not verified,0.035670990362093716,0.35,Simplified fastener envelope x steel density 7.85,4.544075205362257,"[-78.12647691574281, -36.038820040939804, 62.02843773584464]",True,False,False
S288_right_knee_OUT_1_WASHER_3,CTRL_right_knee,Steel estimate; exact self-tapping screw grade and supplier not verified,0.03567100242533733,0.35,Simplified fastener envelope x steel density 7.85,4.544076742081188,"[-80.44743305254843, -36.44924504228736, 66.71962299089331]",True,False,False
S288_right_knee_OUT_1_WASHER_4,CTRL_right_knee,Steel estimate; exact self-tapping screw grade and supplier not verified,0.035670984003406535,0.35,Simplified fastener envelope x steel density 7.85,4.544074395338413,"[-85.68611480357278, -36.479273170444564, 67.06285867800156]",True,False,False
S288_right_knee_OUT_1_WASHER_5,CTRL_right_knee,Steel estimate; exact self-tapping screw grade and supplier not verified,0.035670992428551346,0.35,Simplified fastener envelope x steel density 7.85,4.544075468605267,"[-88.60384171631975, -36.09887615172784, 62.71490545707945]",True,False,False
S288_tail_pitch_CASE,DCTL_Tail_Yaw,"OEM S288 mixed assembly; case plus motor, gears, circuit and both disks",19.5,0.05,Official whole-actuator mass,14385.431015579887,"[-199.08392417242118, -0.668667716407097, 177.0]",True,False,False
S288_tail_pitch_DIRECT_CASE_-1_0_M2x5,,Steel estimate; exact self-tapping screw grade and supplier not verified,0.22113560210108565,0.25,Simplified fastener envelope x steel density 7.85,28.17014039504276,"[-213.50000000000028, -14.396348015330618, 185.000000000001]",True,,False
S288_tail_pitch_DIRECT_CASE_-1_0_M2x5_WASHER,,Steel estimate; exact self-tapping screw grade and supplier not verified,0.03567092757697683,0.25,Simplified fastener envelope x steel density 7.85,4.544067207258195,"[-213.4999999999999, -15.25, 185.00000000000108]",True,,False
S288_tail_pitch_DIRECT_CASE_-1_1_M2x5,,Steel estimate; exact self-tapping screw grade and supplier not verified,0.22113560210108538,0.25,Simplified fastener envelope x steel density 7.85,28.170140395042722,"[-213.50000000000037, -14.396348015330638, 168.9999999999995]",True,,False
S288_tail_pitch_DIRECT_CASE_-1_1_M2x5_WASHER,,Steel estimate; exact self-tapping screw grade and supplier not verified,0.03567092757697683,0.25,Simplified fastener envelope x steel density 7.85,4.544067207258195,"[-213.4999999999999, -15.25, 169.00000000000108]",True,,False
S288_tail_pitch_DIRECT_CASE_1_0_M2x8,,Steel estimate; exact self-tapping screw grade and supplier not verified,0.29500128783663576,0.25,Simplified fastener envelope x steel density 7.85,37.579781890017294,"[-213.5, 13.045150705165616, 185.00000000000028]",True,,False
S288_tail_pitch_DIRECT_CASE_1_0_M2x8_WASHER,,Steel estimate; exact self-tapping screw grade and supplier not verified,0.03567092757697683,0.25,Simplified fastener envelope x steel density 7.85,4.544067207258195,"[-213.4999999999999, 15.25, 185.00000000000108]",True,,False
S288_tail_pitch_DIRECT_CASE_1_1_M2x8,,Steel estimate; exact self-tapping screw grade and supplier not verified,0.29500128783663604,0.25,Simplified fastener envelope x steel density 7.85,37.57978189001733,"[-213.4999999999999, 13.045150705165604, 169.0]",True,,False
S288_tail_pitch_DIRECT_CASE_1_1_M2x8_WASHER,,Steel estimate; exact self-tapping screw grade and supplier not verified,0.03567092757697683,0.25,Simplified fastener envelope x steel density 7.85,4.544067207258195,"[-213.4999999999999, 15.25, 169.00000000000108]",True,,False
S288_tail_pitch_DISC_-1,DCTL_Tail_Pitch,"OEM S288 output disk, included in actuator mass",0,0,Included in corresponding case whole-unit mass,420.28171325381845,"[-191.0, -11.5, 177.0000000000001]",True,False,False
S288_tail_pitch_DISC_1,DCTL_Tail_Pitch,"OEM S288 output disk, included in actuator mass",0,0,Included in corresponding case whole-unit mass,420.28171325381845,"[-191.0, 11.5, 177.0000000000001]",True,False,False
S288_tail_pitch_OUT_-1_M2x5_0,,Steel estimate; exact self-tapping screw grade and supplier not verified,0.22113533092162949,0.25,Simplified fastener envelope x steel density 7.85,28.170105849889108,"[-188.3750000000001, -14.896345536448198, 172.45336630729494]",True,,False
S288_tail_pitch_OUT_-1_M2x5_1,,Steel estimate; exact self-tapping screw grade and supplier not verified,0.2211354254980302,0.25,Simplified fastener envelope x steel density 7.85,28.170117897838242,"[-185.74999999999977, -14.896347270788716, 176.9999999999998]",True,,False
S288_tail_pitch_OUT_-1_M2x5_2,,Steel estimate; exact self-tapping screw grade and supplier not verified,0.22113533092162918,0.25,Simplified fastener envelope x steel density 7.85,28.17010584988907,"[-188.3750000000001, -14.896345536448216, 181.54663369270446]",True,,False
S288_tail_pitch_OUT_-1_M2x5_3,,Steel estimate; exact self-tapping screw grade and supplier not verified,0.22113533092162918,0.25,Simplified fastener envelope x steel density 7.85,28.17010584988907,"[-193.6250000000001, -14.896345536448216, 181.54663369270446]",True,,False
S288_tail_pitch_OUT_-1_M2x5_4,,Steel estimate; exact self-tapping screw grade and supplier not verified,0.22113542549802992,0.25,Simplified fastener envelope x steel density 7.85,28.170117897838207,"[-196.25, -14.896347270788734, 177.00000000000003]",True,,False
S288_tail_pitch_OUT_-1_M2x5_5,,Steel estimate; exact self-tapping screw grade and supplier not verified,0.22113533092162949,0.25,Simplified fastener envelope x steel density 7.85,28.170105849889108,"[-193.62499999999994, -14.896345536448198, 172.45336630729494]",True,,False
S288_tail_pitch_OUT_-1_WASHER_0,,Steel estimate; exact self-tapping screw grade and supplier not verified,0.03567096025662031,0.25,Simplified fastener envelope x steel density 7.85,4.544071370270103,"[-188.375, -15.75, 172.4533682679826]",True,,False
S288_tail_pitch_OUT_-1_WASHER_1,,Steel estimate; exact self-tapping screw grade and supplier not verified,0.03567093870505341,0.25,Simplified fastener envelope x steel density 7.85,4.544068624847569,"[-185.74999999999986, -15.75, 177.0]",True,,False
S288_tail_pitch_OUT_-1_WASHER_2,,Steel estimate; exact self-tapping screw grade and supplier not verified,0.03567096025662031,0.25,Simplified fastener envelope x steel density 7.85,4.544071370270103,"[-188.375, -15.75, 181.54663173201845]",True,,False
S288_tail_pitch_OUT_-1_WASHER_3,,Steel estimate; exact self-tapping screw grade and supplier not verified,0.03567096025662031,0.25,Simplified fastener envelope x steel density 7.85,4.544071370270103,"[-193.6249999999999, -15.75, 181.54663173201632]",True,,False
S288_tail_pitch_OUT_-1_WASHER_4,,Steel estimate; exact self-tapping screw grade and supplier not verified,0.03567093870505341,0.25,Simplified fastener envelope x steel density 7.85,4.544068624847569,"[-196.25, -15.75, 177.0]",True,,False
S288_tail_pitch_OUT_-1_WASHER_5,,Steel estimate; exact self-tapping screw grade and supplier not verified,0.03567096025662031,0.25,Simplified fastener envelope x steel density 7.85,4.544071370270103,"[-193.625, -15.75, 172.4533682679826]",True,,False
S288_tail_pitch_OUT_1_M2x5_0,DCTL_Tail_Pitch,Steel estimate; exact self-tapping screw grade and supplier not verified,0.22113533092162918,0.35,Simplified fastener envelope x steel density 7.85,28.17010584988907,"[-188.3750000000001, 14.896345536448216, 172.45336630729568]",True,False,False
S288_tail_pitch_OUT_1_M2x5_1,DCTL_Tail_Pitch,Steel estimate; exact self-tapping screw grade and supplier not verified,0.22113542549803047,0.35,Simplified fastener envelope x steel density 7.85,28.17011789783828,"[-185.74999999999983, 14.896347270788695, 176.99999999999937]",True,False,False
S288_tail_pitch_OUT_1_M2x5_2,DCTL_Tail_Pitch,Steel estimate; exact self-tapping screw grade and supplier not verified,0.22113533092162949,0.35,Simplified fastener envelope x steel density 7.85,28.170105849889108,"[-188.37499999999997, 14.896345536448196, 181.54663369270332]",True,False,False
S288_tail_pitch_OUT_1_M2x5_3,DCTL_Tail_Pitch,Steel estimate; exact self-tapping screw grade and supplier not verified,0.22113533092162949,0.35,Simplified fastener envelope x steel density 7.85,28.170105849889108,"[-193.62499999999997, 14.896345536448196, 181.54663369270332]",True,False,False
S288_tail_pitch_OUT_1_M2x5_4,DCTL_Tail_Pitch,Steel estimate; exact self-tapping screw grade and supplier not verified,0.22113542549802992,0.35,Simplified fastener envelope x steel density 7.85,28.170117897838207,"[-196.25000000000014, 14.896347270788734, 176.99999999999986]",True,False,False
S288_tail_pitch_OUT_1_M2x5_5,DCTL_Tail_Pitch,Steel estimate; exact self-tapping screw grade and supplier not verified,0.22113533092162918,0.35,Simplified fastener envelope x steel density 7.85,28.17010584988907,"[-193.62499999999997, 14.896345536448216, 172.45336630729568]",True,False,False
S288_tail_pitch_OUT_1_WASHER_0,DCTL_Tail_Pitch,Steel estimate; exact self-tapping screw grade and supplier not verified,0.03567096025662031,0.35,Simplified fastener envelope x steel density 7.85,4.544071370270103,"[-188.375, 15.75, 172.4533682679826]",True,False,False
S288_tail_pitch_OUT_1_WASHER_1,DCTL_Tail_Pitch,Steel estimate; exact self-tapping screw grade and supplier not verified,0.03567093870505341,0.35,Simplified fastener envelope x steel density 7.85,4.544068624847569,"[-185.74999999999986, 15.75, 177.0]",True,False,False
S288_tail_pitch_OUT_1_WASHER_2,DCTL_Tail_Pitch,Steel estimate; exact self-tapping screw grade and supplier not verified,0.03567096025662031,0.35,Simplified fastener envelope x steel density 7.85,4.544071370270103,"[-188.375, 15.75, 181.54663173201845]",True,False,False
S288_tail_pitch_OUT_1_WASHER_3,DCTL_Tail_Pitch,Steel estimate; exact self-tapping screw grade and supplier not verified,0.03567096025662031,0.35,Simplified fastener envelope x steel density 7.85,4.544071370270103,"[-193.6249999999999, 15.75, 181.54663173201632]",True,False,False
S288_tail_pitch_OUT_1_WASHER_4,DCTL_Tail_Pitch,Steel estimate; exact self-tapping screw grade and supplier not verified,0.03567093870505341,0.35,Simplified fastener envelope x steel density 7.85,4.544068624847569,"[-196.25, 15.75, 177.0]",True,False,False
S288_tail_pitch_OUT_1_WASHER_5,DCTL_Tail_Pitch,Steel estimate; exact self-tapping screw grade and supplier not verified,0.03567096025662031,0.35,Simplified fastener envelope x steel density 7.85,4.544071370270103,"[-193.625, 15.75, 172.4533682679826]",True,False,False
S288_tail_yaw_CASE,FRAME_trunk_base,"OEM S288 mixed assembly; case plus motor, gears, circuit and both disks",19.5,0.05,Official whole-actuator mass,14385.430860088089,"[-183.08392411612124, 5.2686100183501846e-18, 137.78132931026462]",True,False,False
S288_tail_yaw_DIRECT_CASE_-1_0_M2x5,,Steel estimate; exact self-tapping screw grade and supplier not verified,0.2211350567333157,0.25,Simplified fastener envelope x steel density 7.85,28.170070921441493,"[-197.50000000000006, -8.00000000327664, 124.05365383969026]",True,,False
S288_tail_yaw_DIRECT_CASE_-1_0_M2x5_WASHER,,Steel estimate; exact self-tapping screw grade and supplier not verified,0.035670967454840684,0.25,Simplified fastener envelope x steel density 7.85,4.544072287240851,"[-197.5000000000001, -7.999999968863451, 123.19999694824163]",True,,False
S288_tail_yaw_DIRECT_CASE_-1_1_M2x5,,Steel estimate; exact self-tapping screw grade and supplier not verified,0.22113505673331602,0.25,Simplified fastener envelope x steel density 7.85,28.170070921441532,"[-167.49999999999986, -8.000000003276629, 127.05365383969021]",True,,False
S288_tail_yaw_DIRECT_CASE_-1_1_M2x5_WASHER,,Steel estimate; exact self-tapping screw grade and supplier not verified,0.035670967454840684,0.25,Simplified fastener envelope x steel density 7.85,4.544072287240851,"[-167.49999999999994, -7.999999968863451, 126.19999694824192]",True,,False
S288_tail_yaw_DIRECT_CASE_-1_2_M2x5,,Steel estimate; exact self-tapping screw grade and supplier not verified,0.2211350567333157,0.25,Simplified fastener envelope x steel density 7.85,28.170070921441493,"[-197.5000000000001, 8.000000003276641, 124.05365383969009]",True,,False
S288_tail_yaw_DIRECT_CASE_-1_2_M2x5_WASHER,,Steel estimate; exact self-tapping screw grade and supplier not verified,0.035670967454840684,0.25,Simplified fastener envelope x steel density 7.85,4.544072287240851,"[-197.4999999999999, 7.999999968863452, 123.19999694824163]",True,,False
S288_tail_yaw_DIRECT_CASE_-1_3_M2x5,,Steel estimate; exact self-tapping screw grade and supplier not verified,0.22113505673331585,0.25,Simplified fastener envelope x steel density 7.85,28.17007092144151,"[-167.49999999999997, 8.000000003276636, 127.05365383968997]",True,,False
S288_tail_yaw_DIRECT_CASE_-1_3_M2x5_WASHER,,Steel estimate; exact self-tapping screw grade and supplier not verified,0.035670967454840684,0.25,Simplified fastener envelope x steel density 7.85,4.544072287240851,"[-167.49999999999994, 7.999999968863452, 126.19999694824192]",True,,False
S288_tail_yaw_DISC_-1,DCTL_Tail_Yaw,"OEM S288 output disk, included in actuator mass",0,0,Included in corresponding case whole-unit mass,420.2817187480603,"[-175.00000000000006, -1.803343371049108e-16, 126.94999694824222]",True,False,False
S288_tail_yaw_DISC_1,DCTL_Tail_Yaw,"OEM S288 output disk, included in actuator mass",0,0,Included in corresponding case whole-unit mass,420.2817187480603,"[-175.00000000000006, -1.803343371049108e-16, 149.9499969482422]",True,False,False
S288_tail_yaw_OUT_1_M2x5_0,DCTL_Tail_Yaw,Steel estimate; exact self-tapping screw grade and supplier not verified,0.22113562563963007,0.35,Simplified fastener envelope x steel density 7.85,28.170143393583448,"[-172.37500000000023, 4.546633371894924, 153.3463463200242]",True,False,False
S288_tail_yaw_OUT_1_M2x5_1,DCTL_Tail_Yaw,Steel estimate; exact self-tapping screw grade and supplier not verified,0.22113562771298642,0.35,Simplified fastener envelope x steel density 7.85,28.170143657705278,"[-169.74999999999991, 1.050968986281314e-17, 153.3463463113003]",True,False,False
S288_tail_yaw_OUT_1_M2x5_2,DCTL_Tail_Yaw,Steel estimate; exact self-tapping screw grade and supplier not verified,0.22113562563963024,0.35,Simplified fastener envelope x steel density 7.85,28.17014339358347,"[-172.37499999999994, -4.546633371894923, 153.34634632002408]",True,False,False
S288_tail_yaw_OUT_1_M2x5_3,DCTL_Tail_Yaw,Steel estimate; exact self-tapping screw grade and supplier not verified,0.22113562563963024,0.35,Simplified fastener envelope x steel density 7.85,28.17014339358347,"[-177.62500000000006, -4.546633371894923, 153.34634632002408]",True,False,False
S288_tail_yaw_OUT_1_M2x5_4,DCTL_Tail_Yaw,Steel estimate; exact self-tapping screw grade and supplier not verified,0.22113562771298625,0.35,Simplified fastener envelope x steel density 7.85,28.170143657705257,"[-180.25000000000006, 1.050968986281315e-17, 153.3463463113004]",True,False,False
S288_tail_yaw_OUT_1_M2x5_5,DCTL_Tail_Yaw,Steel estimate; exact self-tapping screw grade and supplier not verified,0.22113562563962977,0.35,Simplified fastener envelope x steel density 7.85,28.170143393583412,"[-177.62500000000009, 4.54663337189493, 153.34634632002437]",True,False,False
S288_tail_yaw_OUT_1_WASHER_0,DCTL_Tail_Yaw,Steel estimate; exact self-tapping screw grade and supplier not verified,0.035670968418320716,0.35,Simplified fastener envelope x steel density 7.85,4.544072409977161,"[-172.375, 4.546633406289361, 154.19999694824213]",True,False,False
S288_tail_yaw_OUT_1_WASHER_1,DCTL_Tail_Yaw,Steel estimate; exact self-tapping screw grade and supplier not verified,0.03567096756348296,0.35,Simplified fastener envelope x steel density 7.85,4.544072301080632,"[-169.74999999999991, -6.515289670082246e-17, 154.19999694824244]",True,False,False
S288_tail_yaw_OUT_1_WASHER_2,DCTL_Tail_Yaw,Steel estimate; exact self-tapping screw grade and supplier not verified,0.035670968418320716,0.35,Simplified fastener envelope x steel density 7.85,4.544072409977161,"[-172.375, -4.54663340628936, 154.19999694824423]",True,False,False
S288_tail_yaw_OUT_1_WASHER_3,DCTL_Tail_Yaw,Steel estimate; exact self-tapping screw grade and supplier not verified,0.035670968418320716,0.35,Simplified fastener envelope x steel density 7.85,4.544072409977161,"[-177.62500000000009, -4.54663340628936, 154.19999694824213]",True,False,False
S288_tail_yaw_OUT_1_WASHER_4,DCTL_Tail_Yaw,Steel estimate; exact self-tapping screw grade and supplier not verified,0.03567096756348296,0.35,Simplified fastener envelope x steel density 7.85,4.544072301080632,"[-180.24999999999994, -6.515289670082246e-17, 154.19999694824244]",True,False,False
S288_tail_yaw_OUT_1_WASHER_5,DCTL_Tail_Yaw,Steel estimate; exact self-tapping screw grade and supplier not verified,0.035670968418320716,0.35,Simplified fastener envelope x steel density 7.85,4.544072409977161,"[-177.625, 4.546633406289361, 154.1999969482432]",True,False,False
"V10_PI_HEAD_(-22, -29.5)",BODY_jaw_soft,PA66 nylon fastener design assumption,0.02411193431474398,0.35,CAD volume x assumed PA66 density 1.14; preload/creep unverified,21.150819574336825,"[42.49999952316216, 28.988640119209286, 253.50000020372644]",True,False,False
"V10_PI_HEAD_(-22, -6.5)",BODY_jaw_soft,PA66 nylon fastener design assumption,0.024111933441910288,0.35,CAD volume x assumed PA66 density 1.14; preload/creep unverified,21.150818808693238,"[42.499999523164746, 28.988640119209286, 230.50000013411045]",True,False,False
"V10_PI_HEAD_(-80, -29.5)",BODY_jaw_soft,PA66 nylon fastener design assumption,0.02411192994826933,0.35,CAD volume x assumed PA66 density 1.14; preload/creep unverified,21.150815744095905,"[42.499999523163495, -29.011358211860617, 253.50000020372593]",True,False,False
"V10_PI_HEAD_(-80, -6.5)",BODY_jaw_soft,PA66 nylon fastener design assumption,0.02411192907546055,0.35,CAD volume x assumed PA66 density 1.14; preload/creep unverified,21.15081497847417,"[42.49999952316284, -29.01135821186066, 230.50000013411045]",True,False,False
"V10_PI_M25x6_(-22, -29.5)",BODY_jaw_soft,PA66 nylon fastener design assumption,0.033360524309899955,0.35,CAD volume x assumed PA66 density 1.14; preload/creep unverified,29.263617815701718,"[46.20000255107897, 28.988640119209272, 253.50000017881393]",True,False,False
"V10_PI_M25x6_(-22, -6.5)",BODY_jaw_soft,PA66 nylon fastener design assumption,0.03336051539138595,0.35,CAD volume x assumed PA66 density 1.14; preload/creep unverified,29.263609992443822,"[46.200002551079336, 28.988640119209286, 230.50000013411045]",True,False,False
"V10_PI_M25x6_(-80, -29.5)",BODY_jaw_soft,PA66 nylon fastener design assumption,0.03336047063345777,0.35,CAD volume x assumed PA66 density 1.14; preload/creep unverified,29.263570731103304,"[46.2000025510786, -29.01135821186083, 253.500000178814]",True,False,False
"V10_PI_M25x6_(-80, -6.5)",BODY_jaw_soft,PA66 nylon fastener design assumption,0.0333604617148963,0.35,CAD volume x assumed PA66 density 1.14; preload/creep unverified,29.263562907803777,"[46.20000255107914, -29.011358211860745, 230.50000013411045]",True,False,False
"V10_PI_WASHER_(-22, -29.5)",BODY_jaw_soft,Steel estimate; hardware grade not verified,0.04240213993088711,0.35,CAD volume x assumed solid density; not sliced or weighed,5.401546488011097,"[43.44999325337332, 28.988640119317026, 253.50000056267174]",True,False,False
"V10_PI_WASHER_(-22, -6.5)",BODY_jaw_soft,Steel estimate; hardware grade not verified,0.04240212808615823,0.35,CAD volume x assumed solid density; not sliced or weighed,5.401544979128437,"[43.44999325251365, 28.98864011900539, 230.50000009140336]",True,False,False
"V10_PI_WASHER_(-80, -29.5)",BODY_jaw_soft,Steel estimate; hardware grade not verified,0.042402097589548535,0.35,CAD volume x assumed solid density; not sliced or weighed,5.401541094210004,"[43.44999325387033, -29.011358211667236, 253.50000056265264]",True,False,False
"V10_PI_WASHER_(-80, -6.5)",BODY_jaw_soft,Steel estimate; hardware grade not verified,0.04240208574493317,0.35,CAD volume x assumed solid density; not sliced or weighed,5.401539585341805,"[43.449993253014355, -29.01135821197878, 230.50000009138682]",True,False,False
V10_PI_ZERO_2W_PCB,BODY_jaw_soft,FR4/copper/electronic mixed assembly,12,0.2,"Provisional complete Pi board mass, weigh required",3083.455690455072,"[44.50000357627911, -0.011359055635168147, 241.99999966271014]",True,False,False
V11_Microduck_Leg_Guard_L,BODY_upper_leg_left,PETG,8.118220533048724,0.25,Nominal CAD volume x assumed density; not sliced or weighed,6342.359791444315,"[-80.78715256756757, 71.7429120007643, 80.41003278393907]",True,False,False
V11_Microduck_Leg_Guard_R,BODY_upper_leg_right,PETG,8.11822155887325,0.25,Nominal CAD volume x assumed density; not sliced or weighed,6342.360592869726,"[-80.78716463253417, -71.74290698163584, 80.41003705120778]",True,False,False
V13_HEAD_FRONT_HEAD_-1,BODY_jaw_soft,Steel estimate; hardware grade not verified,0.1660339473096231,0.35,CAD volume x assumed solid density; not sliced or weighed,21.150821313327786,"[58.498997241258586, -39.00000080466266, 225.27766227722216]",True,False,False
V13_HEAD_FRONT_HEAD_1,BODY_jaw_soft,Steel estimate; hardware grade not verified,0.16603394730962287,0.35,CAD volume x assumed solid density; not sliced or weighed,21.150821313327757,"[58.49899351596832, 39.00000080466271, 225.27766227722248]",True,False,False
V13_HEAD_FRONT_SCREW_-1,BODY_jaw_soft,Steel estimate; hardware grade not verified,0.22971924132470503,0.35,CAD volume x assumed solid density; not sliced or weighed,29.263597620981532,"[58.49899351596834, -39.00000081536885, 228.9776653051373]",True,False,False
V13_HEAD_FRONT_SCREW_1,BODY_jaw_soft,Steel estimate; hardware grade not verified,0.22971924132470503,0.35,CAD volume x assumed solid density; not sliced or weighed,29.263597620981532,"[58.49899351596834, 39.00000079395658, 228.9776653051373]",True,False,False
V13_HEAD_FRONT_WASHER_-1,BODY_jaw_soft,Steel estimate; hardware grade not verified,0.03688892049984669,0.35,CAD volume x assumed solid density; not sliced or weighed,4.699225541381744,"[58.49898979067816, -39.000000804662776, 226.2276709079808]",True,False,False
V13_HEAD_FRONT_WASHER_1,BODY_jaw_soft,Steel estimate; hardware grade not verified,0.03688892049984665,0.35,CAD volume x assumed solid density; not sliced or weighed,4.699225541381739,"[58.498993515968465, 39.00000080466277, 226.22767090798106]",True,False,False
V13_HEAD_INNER_HEAD_0,BODY_jaw_soft,Steel estimate; exact self-tapping screw grade and supplier not verified,0.16603383234254587,0.35,Simplified fastener envelope x steel density 7.85,21.15080666784024,"[35.99999963351231, 6.999999831020394, 228.58125305176046]",True,False,False
V13_HEAD_INNER_HEAD_1,BODY_jaw_soft,Steel estimate; hardware grade not verified,0.16603393553419174,0.35,CAD volume x assumed solid density; not sliced or weighed,21.150819813272832,"[-14.001006256729015, -29.999999489842683, 228.58124972624992]",True,False,False
V13_HEAD_INNER_HEAD_2,BODY_jaw_soft,Steel estimate; hardware grade not verified,0.1660339371823488,0.35,CAD volume x assumed solid density; not sliced or weighed,21.150820023229148,"[24.998994550610195, -29.99999948716594, 228.58124972624736]",True,False,False
V13_HEAD_INNER_HEAD_3,BODY_jaw_soft,Steel estimate; hardware grade not verified,0.16603392092383976,0.35,CAD volume x assumed solid density; not sliced or weighed,21.1508179520815,"[-10.501007549464704, 18.999999389052395, 228.58124971390302]",True,False,False
V13_HEAD_INNER_SCREW_0,BODY_jaw_soft,Steel estimate; exact self-tapping screw grade and supplier not verified,0.22971941691365302,0.35,Simplified fastener envelope x steel density 7.85,29.263619989000386,"[35.99999956068516, 6.9999998218808965, 224.8812482979046]",True,False,False
V13_HEAD_INNER_SCREW_1,BODY_jaw_soft,Steel estimate; hardware grade not verified,0.22971933811349368,0.35,CAD volume x assumed solid density; not sliced or weighed,29.263609950763527,"[-14.001007188195702, -30.000001077147445, 224.88124668598178]",True,False,False
V13_HEAD_INNER_SCREW_2,BODY_jaw_soft,Steel estimate; hardware grade not verified,0.22971935389726686,0.35,CAD volume x assumed solid density; not sliced or weighed,29.26361196143527,"[24.99899268417986, -30.000001073746628, 224.8812466859818]",True,False,False
V13_HEAD_INNER_SCREW_3,BODY_jaw_soft,Steel estimate; hardware grade not verified,0.22971935950778904,0.35,CAD volume x assumed solid density; not sliced or weighed,29.26361267615147,"[-10.50100754582357, 18.99999752568293, 224.88124668598186]",True,False,False
V13_HEAD_INNER_WASHER_0,BODY_jaw_soft,Steel estimate; exact self-tapping screw grade and supplier not verified,0.036889396192019225,0.35,Simplified fastener envelope x steel density 7.85,4.69928613911073,"[35.99999960216381, 6.999998879077503, 227.63124084379047]",True,False,False
V13_HEAD_INNER_WASHER_1,BODY_jaw_soft,Steel estimate; hardware grade not verified,0.03688895805703727,0.35,CAD volume x assumed solid density; not sliced or weighed,4.699230325737232,"[-14.001007341450638, -29.99999990720786, 227.63124108627213]",True,False,False
V13_HEAD_INNER_WASHER_2,BODY_jaw_soft,Steel estimate; hardware grade not verified,0.036888954193568704,0.35,CAD volume x assumed solid density; not sliced or weighed,4.6992298335756315,"[24.998994547761004, -29.99999989986547, 227.6312410827961]",True,False,False
V13_HEAD_INNER_WASHER_3,BODY_jaw_soft,Steel estimate; hardware grade not verified,0.03688894324239567,0.35,CAD volume x assumed solid density; not sliced or weighed,4.699228438521742,"[-10.501008480651105, 18.999999389079477, 227.63124108236204]",True,False,False
V13_HEAD_REAR_CAPTIVE_NUT,BODY_jaw_soft,Steel estimate; hardware grade not verified,0.13469043642783723,0.35,CAD volume x assumed solid density; not sliced or weighed,17.158017379342322,"[-40.50100594758996, 6.01224607855644e-17, 243.84999275208014]",True,False,False
V13_HEAD_REAR_HEAD,BODY_jaw_soft,Steel estimate; hardware grade not verified,0.12383932905445866,0.35,CAD volume x assumed solid density; not sliced or weighed,15.775710707574353,"[-40.50100594758989, 7.131380760846922e-16, 225.27766227722518]",True,False,False
V13_HEAD_REAR_M2x20,BODY_jaw_soft,Steel estimate; hardware grade not verified,0.490067260771007,0.35,CAD volume x assumed solid density; not sliced or weighed,62.42895041668879,"[-40.501009672880166, -2.1558990914984893e-08, 235.97764968872056]",True,False,False
V13_HEAD_REAR_WASHER,BODY_jaw_soft,Steel estimate; hardware grade not verified,0.044419882834048637,0.35,CAD volume x assumed solid density; not sliced or weighed,5.65858380051575,"[-40.50100594758985, 1.74619397140735e-15, 226.22767090798112]",True,False,False
V13_Microduck_Head_Pan,BODY_jaw_soft,PA12,23.902362289302435,0.25,Nominal CAD solid volume x assumed density; not sliced or weighed,23433.688168885772,"[10.254210987163155, -1.4151473210173946, 219.8398550386502]",True,False,False
WEACT_CLIP_M2x8_0,MODULE_COMPACT_ELECTRONICS,PA66 nylon fastener design assumption,0.04919680126973604,0.35,CAD volume x assumed PA66 density 1.14; preload/creep unverified,43.155088833101786,"[-33.01254418869917, -13.799999676292371, 124.9999972891878]",True,False,False
WEACT_CLIP_M2x8_1,MODULE_COMPACT_ELECTRONICS,PA66 nylon fastener design assumption,0.04919679861930674,0.35,CAD volume x assumed PA66 density 1.14; preload/creep unverified,43.15508650816381,"[-33.012544460063566, 13.800001726185876, 124.99999728918596]",True,False,False
WEACT_CLIP_M2x8_2,MODULE_COMPACT_ELECTRONICS,PA66 nylon fastener design assumption,0.04919676688647654,0.35,CAD volume x assumed PA66 density 1.14; preload/creep unverified,43.15505867234784,"[-33.012545766975876, -13.799999676292039, 156.99999810406146]",True,False,False
WEACT_CLIP_M2x8_3,MODULE_COMPACT_ELECTRONICS,PA66 nylon fastener design assumption,0.04919676423607904,0.35,CAD volume x assumed PA66 density 1.14; preload/creep unverified,43.15505634743776,"[-33.012546038336296, 13.80000172617352, 156.999998104062]",True,False,False
WEACT_EDGE_CLIP_0,MODULE_COMPACT_ELECTRONICS,PA12 design assumption,0.08292841738693182,0.25,CAD volume x assumed solid density; not sliced or weighed,81.30236998718806,"[-34.00001062094671, -12.047352694682692, 124.99999832166185]",True,False,False
WEACT_EDGE_CLIP_1,MODULE_COMPACT_ELECTRONICS,PA12 design assumption,0.08292841206374824,0.25,CAD volume x assumed solid density; not sliced or weighed,81.30236476838063,"[-34.000010621547716, 12.047354406804793, 124.9999983234407]",True,False,False
WEACT_EDGE_CLIP_2,MODULE_COMPACT_ELECTRONICS,PA12 design assumption,0.08292847029067446,0.25,CAD volume x assumed solid density; not sliced or weighed,81.30242185360241,"[-34.00001062099241, -12.047352789216738, 156.999998000713]",True,False,False
WEACT_EDGE_CLIP_3,MODULE_COMPACT_ELECTRONICS,PA12 design assumption,0.08292846467289197,0.25,CAD volume x assumed solid density; not sliced or weighed,81.30241634597253,"[-34.00001062154783, 12.047354491637222, 156.99999799990442]",True,False,False
WEACT_EDGE_PAD_0,MODULE_COMPACT_ELECTRONICS,TPU95A design assumption,0.002419952507878877,0.25,CAD volume x assumed solid density; not sliced or weighed,1.9999607503131216,"[-31.000004541876194, -9.999999292194845, 124.99999460577965]",True,False,False
WEACT_EDGE_PAD_1,MODULE_COMPACT_ELECTRONICS,TPU95A design assumption,0.002419952507878877,0.25,CAD volume x assumed solid density; not sliced or weighed,1.9999607503131216,"[-31.000004541876194, 10.000002123415435, 124.99999460577965]",True,False,False
WEACT_EDGE_PAD_2,MODULE_COMPACT_ELECTRONICS,TPU95A design assumption,0.002419950704874726,0.25,CAD volume x assumed solid density; not sliced or weighed,1.9999592602270464,"[-31.00000454187432, -9.999999292194852, 156.99999798834324]",True,False,False
WEACT_EDGE_PAD_3,MODULE_COMPACT_ELECTRONICS,TPU95A design assumption,0.002419950704874726,0.25,CAD volume x assumed solid density; not sliced or weighed,1.9999592602270464,"[-31.00000454187432, 10.000002123415417, 156.99999798834324]",True,False,False
WEACT_F411_MCU_ENVELOPE,MODULE_COMPACT_ELECTRONICS,Component included in F411 assembly,0,0,Included in WEACT_F411_V31_PCB,49.000102326279205,"[-33.30001367330297, 4.842877530109035e-07, 140.99999722838396]",True,False,False
WEACT_F411_USB_C_ENVELOPE,MODULE_COMPACT_ELECTRONICS,Component included in F411 assembly,0,0,Included in WEACT_F411_V31_PCB,215.99965471025644,"[-34.40000994205491, 9.499490403186428e-07, 117.5949966609478]",True,False,False
WEACT_F411_V31_PCB,MODULE_COMPACT_ELECTRONICS,FR4/copper/electronic mixed assembly,6,0.35,"Provisional complete board mass, weigh required",1705.7179903536028,"[-32.00000656843224, -7.188667439095298e-09, 141.02600291465671]",True,False,False
WEACT_TOP_PAD_0,MODULE_COMPACT_ELECTRONICS,TPU95A design assumption,0.0012100213299836174,0.25,CAD volume x assumed solid density; not sliced or weighed,1.000017628085634,"[-32.90001435279663, -9.999999292194824, 124.9999946057795]",True,False,False
WEACT_TOP_PAD_1,MODULE_COMPACT_ELECTRONICS,TPU95A design assumption,0.0012100213299836174,0.25,CAD volume x assumed solid density; not sliced or weighed,1.000017628085634,"[-32.90001435279663, 10.000002123415491, 124.9999946057795]",True,False,False
WEACT_TOP_PAD_2,MODULE_COMPACT_ELECTRONICS,TPU95A design assumption,0.0012100204284479581,0.25,CAD volume x assumed solid density; not sliced or weighed,1.0000168830148415,"[-32.900014352796234, -9.999999292194845, 156.9999979883432]",True,False,False
WEACT_TOP_PAD_3,MODULE_COMPACT_ELECTRONICS,TPU95A design assumption,0.0012100204284479581,0.25,CAD volume x assumed solid density; not sliced or weighed,1.0000168830148415,"[-32.900014352796234, 10.000002123415406, 156.9999979883432]",True,False,False
ankle_left__032,BODY_ankle_left,PA12,8.404962500315497,0.25,Nominal CAD volume x assumed density; not sliced or weighed,8240.1593140348,"[-63.46980618369507, 44.0388916154829, 14.700048599365926]",True,False,False
ankle_right__077,BODY_ankle_right,PA12,8.404851264587203,0.25,Nominal CAD volume x assumed density; not sliced or weighed,8240.050259399219,"[-63.46972398424191, -44.03876310243307, 14.700050187292005]",True,False,False
foot_left__030,BODY_ankle_left,PA12,11.64623014001617,0.25,Nominal CAD volume x assumed density; not sliced or weighed,11417.872686290362,"[-54.86360866119504, 41.382089680983384, 9.283560866656288]",True,False,False
foot_right__081,BODY_ankle_right,PA12,11.646177999609101,0.25,Nominal CAD volume x assumed density; not sliced or weighed,11417.821568244217,"[-54.86356458114035, -41.38205704471662, 9.283557754141235]",True,False,False
hip_l__018,BODY_hip_l,PA12,4.787756498010573,0.25,Nominal CAD solid volume x assumed density; not sliced or weighed,4693.8789023862455,"[-47.95596740107446, 29.776191783655232, 98.60665793484199]",True,False,False
hip_l__066,BODY_hip_l_2,PA12,4.7877429161609495,0.25,Nominal CAD solid volume x assumed density; not sliced or weighed,4693.865616292055,"[-47.956001990331885, -29.776258550766393, 98.60688159009166]",True,False,False
leg__025,BODY_leg,PA12,3.6044377310266076,0.25,Nominal CAD solid volume x assumed density; not sliced or weighed,3533.7623769545808,"[-76.14234321120077, 31.72861875808114, 48.00498653347657]",True,False,False
leg__075,BODY_leg_2,PA12,3.6044388457081245,0.25,Nominal CAD solid volume x assumed density; not sliced or weighed,3533.7636742806244,"[-76.14230009493005, -31.728623905391903, 48.005019920586314]",True,False,False
lens__043,BODY_jaw_soft,Optical assembly mass assumed,3,0.5,CAD volume x assumed solid density; not sliced or weighed,2803.024457642219,"[64.262679492309, -0.09136202883019946, 245.28120477201534]",True,False,False
m12_lens_holder__059,BODY_jaw_soft,PA12 design assumption,1.1196791032354414,0.5,CAD volume x assumed solid density; not sliced or weighed,1097.7246110151384,"[54.038462144834476, -0.09136280968387032, 245.24685095289595]",True,False,False
motor_support__047,BODY_jaw_soft,PA12,7.273798093547674,0.25,Nominal CAD solid volume x assumed density; not sliced or weighed,7131.175299448886,"[8.252995910955677, -2.215767276705818, 236.33338150815567]",True,False,False
neck_pitch__037,BODY_neck_pitch,PA12,4.785299670516667,0.25,Nominal CAD solid volume x assumed density; not sliced or weighed,4691.470881079683,"[8.813574986145909, 2.5847821367571856e-05, 205.7008472073314]",True,False,False
seeed_bearing__configuration__22x16x4__001,V12_Hip_Module,Steel estimate; hardware grade not verified,3.8698594734269665,0.35,CAD volume x assumed solid density; not sliced or weighed,492.9757290989766,"[-58.99998464889814, 17.49997767839904, 114.18198089756142]",True,False,False
seeed_bearing__configuration__22x16x4__012,V12_Hip_Module,Steel estimate; hardware grade not verified,3.8698595352781733,0.35,CAD volume x assumed solid density; not sliced or weighed,492.97573697811123,"[-58.999984832031004, -17.500022441201818, 114.18198089461384]",True,False,False
seeed_bearing__configuration__22x16x4__015,BODY_yaw2roll,Steel estimate; hardware grade not verified,3.86985741146495,0.35,CAD volume x assumed solid density; not sliced or weighed,492.9754664286561,"[-44.49998289609697, 17.499974106613138, 99.68201585087986]",True,False,False
seeed_bearing__configuration__22x16x4__017,BODY_hip_l,Steel estimate; hardware grade not verified,3.8698583542653098,0.35,CAD volume x assumed solid density; not sliced or weighed,492.9755865306127,"[-61.00002419337506, 40.41245839754024, 97.67744334998596]",True,False,False
seeed_bearing__configuration__22x16x4__023,BODY_upper_leg_left,Steel estimate; hardware grade not verified,3.86985873048342,0.35,CAD volume x assumed solid density; not sliced or weighed,492.97563445648666,"[-83.36518712870806, 37.31407641980154, 62.26273764021574]",True,False,False
seeed_bearing__configuration__22x16x4__038,BODY_neck_pitch,Steel estimate; hardware grade not verified,3.8698565672193515,0.35,CAD volume x assumed solid density; not sliced or weighed,492.975358881446,"[8.898980634552673, -1.0761115379424331e-05, 215.38124276949617]",True,False,False
seeed_bearing__configuration__22x16x4__041,BODY_yaw_roll_motion,Steel estimate; hardware grade not verified,3.8698557810543677,0.35,CAD volume x assumed solid density; not sliced or weighed,492.97525873304045,"[-9.100981214581884, -1.3724585631145557e-05, 229.7812470160229]",True,False,False
seeed_bearing__configuration__22x16x4__042,BODY_yaw_roll_motion,Steel estimate; hardware grade not verified,3.8698557347565075,0.35,CAD volume x assumed solid density; not sliced or weighed,492.9752528352239,"[24.89901130703955, -1.1962607512731398e-05, 229.78124723258554]",True,False,False
seeed_bearing__configuration__22x16x4__065,BODY_bearing_roll,Steel estimate; hardware grade not verified,3.869857474702097,0.35,CAD volume x assumed solid density; not sliced or weighed,492.9754744843435,"[-44.49998292234484, -17.50002981353221, 99.68201572985268]",True,False,False
seeed_bearing__configuration__22x16x4__068,BODY_hip_l_2,Steel estimate; hardware grade not verified,3.8698592273430674,0.35,CAD volume x assumed solid density; not sliced or weighed,492.97569775070923,"[-61.00002800669473, -40.412497588995805, 97.67744173613532]",True,False,False
seeed_bearing__configuration__22x16x4__070,BODY_upper_leg_right,Steel estimate; hardware grade not verified,3.869858488691104,0.35,CAD volume x assumed solid density; not sliced or weighed,492.97560365491773,"[-83.3651942704445, -37.31411157404929, 62.26273600407336]",True,False,False
sole_left__028,BODY_ankle_left,TPU95A design assumption,7.562838116470592,0.25,CAD volume x assumed solid density; not sliced or weighed,6250.279435099663,"[-58.215267967279615, 40.872179579626724, 4.217595403452428]",True,False,False
sole_right__078,BODY_ankle_right,TPU95A design assumption,7.562844240450375,0.25,CAD volume x assumed solid density; not sliced or weighed,6250.2844962399795,"[-58.21538296531163, -40.87145506108954, 4.217696423268055]",True,False,False
trunk_base__004,V12_Hip_Module,PA12,1.6956700248764012,0.25,Nominal CAD solid volume x assumed density; not sliced or weighed,1662.4215263017543,"[-68.40133619455335, -7.985629582791994e-05, 116.97531226124923]",True,False,False
upper_leg_rigidity_plate__022,BODY_upper_leg_left,PA12,5.20142197664944,0.25,Nominal CAD solid volume x assumed density; not sliced or weighed,5099.432723797207,"[-87.25788011382151, 53.734012332248874, 88.49307432393643]",True,False,False
upper_leg_rigidity_plate__071,BODY_upper_leg_right,PA12,5.199065931358,0.25,Nominal CAD solid volume x assumed density; not sliced or weighed,5097.124204445737,"[-87.2586826077987, -53.72626329152026, 88.48711494011513]",True,False,False
yaw2roll__013,BODY_yaw2roll,PA12,3.2502710427819634,0.25,Nominal CAD solid volume x assumed density; not sliced or weighed,3186.5400478830293,"[-58.967068411889805, 17.500005963417927, 106.52736978720783]",True,False,False
yaw2roll__062,BODY_bearing_roll,PA12,3.2502710197630935,0.25,Nominal CAD solid volume x assumed density; not sliced or weighed,3186.5400843236603,"[-58.9670681253366, -17.499999351270596, 106.52736977521127]",True,False,False
yaw_roll_motion__039,BODY_yaw_roll_motion,PA12,4.332133246817592,0.25,Nominal CAD solid volume x assumed density; not sliced or weighed,4247.189259226799,"[7.336863302398099, -3.2193550355132343, 234.5326557667915]",True,False,False
JY61P_HEAD_PCB_ENVELOPE,BODY_jaw_soft,FR4/copper PCB envelope estimate,0.6596672614482486,0.5,Nominal CAD volume x assumed material density; not sliced or weighed,356.57689808013436,"[34.99999915806278, 9.351261537447774e-14, 260.8000030517572]",True,False,False
JY61P_HEAD_CAP_ENVELOPE,BODY_jaw_soft,Shield/components mixed envelope estimate,0.36191442993236705,0.5,Nominal CAD volume x assumed material density; not sliced or weighed,180.95721496618353,"[34.99999999999987, 0.0, 262.19999694824423]",True,False,False
JY61P_HEAD_EDGE_CLIP_-1,BODY_jaw_soft,PA12,0.03193163094582933,0.25,Nominal CAD volume x assumed material density; not sliced or weighed,31.30552053512679,"[34.9999999999999, -9.52649994587575, 262.19999694824423]",True,False,False
JY61P_HEAD_M2x6_-1,BODY_jaw_soft,Steel estimate; hardware grade not verified,0.25407663501715616,0.25,Nominal CAD volume x assumed material density; not sliced or weighed,32.36645032065684,"[34.99999999999964, -10.499999999999892, 261.30940732583235]",True,False,False
JY61P_HEAD_M2_NUT_-1,BODY_jaw_soft,Steel estimate; hardware grade not verified,0.09389947399489428,0.25,Nominal CAD volume x assumed material density; not sliced or weighed,11.96171643247061,"[35.00000000000046, -10.500000000000174, 258.0000000000072]",True,False,False
JY61P_HEAD_EDGE_CLIP_1,BODY_jaw_soft,PA12,0.031931630945829785,0.25,Nominal CAD volume x assumed material density; not sliced or weighed,31.305520535127243,"[34.99999999999945, 9.526499945875667, 262.1999969482394]",True,False,False
JY61P_HEAD_M2x6_1,BODY_jaw_soft,Steel estimate; hardware grade not verified,0.2540766350171517,0.25,Nominal CAD volume x assumed material density; not sliced or weighed,32.36645032065627,"[34.99999999999967, 10.499999999999885, 261.3094073258363]",True,False,False
JY61P_HEAD_M2_NUT_1,BODY_jaw_soft,Steel estimate; hardware grade not verified,0.0938994739948925,0.25,Nominal CAD volume x assumed material density; not sliced or weighed,11.961716432470382,"[35.000000000000725, 10.500000000000243, 258.00000000000574]",True,False,False
